"resultbox href","jsx-4e78e4eb4856e501 src","jsx-4e78e4eb4856e501 src 2","jsx-4e78e4eb4856e501 src 4","jsx-4e78e4eb4856e501 src 5","jsx-4e78e4eb4856e501 src 6","jsx-4e78e4eb4856e501 src 7","jsx-4e78e4eb4856e501 src 8","jsx-4e78e4eb4856e501 src 9","jsx-4e78e4eb4856e501 src 10","jsx-4e78e4eb4856e501 6","jsx-4e78e4eb4856e501 7","jsx-4e78e4eb4856e501 8","jsx-ee3d18659dbf4034","jsx-ee3d18659dbf4034 3","jsx-ee3d18659dbf4034 4","jsx-ee3d18659dbf4034 5","jsx-ee3d18659dbf4034 6","jsx-ee3d18659dbf4034 7","jsx-ee3d18659dbf4034 8","jsx-ee3d18659dbf4034 9","jsx-ee3d18659dbf4034 10","jsx-ee3d18659dbf4034 11","jsx-ee3d18659dbf4034 13","resultbox_image src"
"https://www.justdial.com/Hamirpur-Himachal-Pradesh/SAI-HOSPITAL-Near-Sd-Public-School-Dugha/9999P1972-1972-131216171959-X3I7_BZDET?trkid=173-remotecity&term=Hosp&ncatid=10253670&area=&search=Best%20Hospitals%20in%20Hamirpur%20Himachal%20Pradesh&mncatname=Hospitals&abd_btn=&abd_heading=&bd=1&cat_b2b_flag=0&searchfrom=lst","data:image/svg+xml,%3csvg%20xmlns=%27http://www.w3.org/2000/svg%27%20version=%271.1%27%20width=%27220%27%20height=%27220%27/%3e","data:image/gif;base64,R0lGODlhAQABAIAAAAAAAP///yH5BAEAAAAALAAAAAABAAEAAAIBRAA7","data:image/gif;base64,R0lGODlhAQABAIAAAAAAAP///yH5BAEAAAAALAAAAAABAAEAAAIBRAA7","data:image/svg+xml,%3csvg%20xmlns=%27http://www.w3.org/2000/svg%27%20version=%271.1%27%20width=%27220%27%20height=%27220%27/%3e","data:image/gif;base64,R0lGODlhAQABAIAAAAAAAP///yH5BAEAAAAALAAAAAABAAEAAAIBRAA7","data:image/svg+xml,%3csvg%20xmlns=%27http://www.w3.org/2000/svg%27%20version=%271.1%27%20width=%27220%27%20height=%27220%27/%3e","data:image/gif;base64,R0lGODlhAQABAIAAAAAAAP///yH5BAEAAAAALAAAAAABAAEAAAIBRAA7","data:image/svg+xml,%3csvg%20xmlns=%27http://www.w3.org/2000/svg%27%20version=%271.1%27%20width=%27220%27%20height=%27220%27/%3e","data:image/gif;base64,R0lGODlhAQABAIAAAAAAAP///yH5BAEAAAAALAAAAAABAAEAAAIBRAA7","+","112","More","SAI HOSPITAL","4.5","742 Ratings","Bhota - Hamirpur Road Dugha, Hamirpur-Himachal Pradesh","Health Checkup Packages","Prenatal Check Up","Anemia Check Up","07487861067","WhatsApp","Send Enquiry","186 people recently enquired",""
"https://www.justdial.com/Hamirpur-Himachal-Pradesh/CITY-HOSPITAL-Opposite-Basant-Resorts-Hamirpur-H-O/9999P1972-1972-221222122020-C7Y4_BZDET?trkid=173-remotecity&term=Hosp&ncatid=10253670&area=&search=Best%20Hospitals%20in%20Hamirpur%20Himachal%20Pradesh&mncatname=Hospitals&abd_btn=&abd_heading=&bd=1&cat_b2b_flag=0&searchfrom=lst","data:image/svg+xml,%3csvg%20xmlns=%27http://www.w3.org/2000/svg%27%20version=%271.1%27%20width=%27220%27%20height=%27220%27/%3e","data:image/gif;base64,R0lGODlhAQABAIAAAAAAAP///yH5BAEAAAAALAAAAAABAAEAAAIBRAA7","data:image/gif;base64,R0lGODlhAQABAIAAAAAAAP///yH5BAEAAAAALAAAAAABAAEAAAIBRAA7","data:image/svg+xml,%3csvg%20xmlns=%27http://www.w3.org/2000/svg%27%20version=%271.1%27%20width=%27220%27%20height=%27220%27/%3e","data:image/gif;base64,R0lGODlhAQABAIAAAAAAAP///yH5BAEAAAAALAAAAAABAAEAAAIBRAA7","data:image/svg+xml,%3csvg%20xmlns=%27http://www.w3.org/2000/svg%27%20version=%271.1%27%20width=%27220%27%20height=%27220%27/%3e","data:image/gif;base64,R0lGODlhAQABAIAAAAAAAP///yH5BAEAAAAALAAAAAABAAEAAAIBRAA7","data:image/svg+xml,%3csvg%20xmlns=%27http://www.w3.org/2000/svg%27%20version=%271.1%27%20width=%27220%27%20height=%27220%27/%3e","data:image/gif;base64,R0lGODlhAQABAIAAAAAAAP///yH5BAEAAAAALAAAAAABAAEAAAIBRAA7","+","14","More","CITY HOSPITAL","4.8","781 Ratings","By Pass Road Hamirpur H O, Hamirpur-Himachal Pradesh","Health Checkup Packages","Diagnostic X- Ray","General Consultation","08401379936","WhatsApp","Send Enquiry","88 people recently enquired",""
"https://www.justdial.com/Hamirpur-Himachal-Pradesh/Sdkl-Memorial-Glodha-Hospital-Near-Agriculture-Office-Bhira/9999P1972-1972-170705134123-Y5M8_BZDET?trkid=173-remotecity&term=Hosp&ncatid=10253670&area=&search=Best%20Hospitals%20in%20Hamirpur%20Himachal%20Pradesh&mncatname=Hospitals&abd_btn=&abd_heading=&bd=1&cat_b2b_flag=0&searchfrom=lst","data:image/svg+xml,%3csvg%20xmlns=%27http://www.w3.org/2000/svg%27%20version=%271.1%27%20width=%27220%27%20height=%27220%27/%3e","data:image/gif;base64,R0lGODlhAQABAIAAAAAAAP///yH5BAEAAAAALAAAAAABAAEAAAIBRAA7","data:image/gif;base64,R0lGODlhAQABAIAAAAAAAP///yH5BAEAAAAALAAAAAABAAEAAAIBRAA7","data:image/svg+xml,%3csvg%20xmlns=%27http://www.w3.org/2000/svg%27%20version=%271.1%27%20width=%27220%27%20height=%27220%27/%3e","data:image/gif;base64,R0lGODlhAQABAIAAAAAAAP///yH5BAEAAAAALAAAAAABAAEAAAIBRAA7","data:image/svg+xml,%3csvg%20xmlns=%27http://www.w3.org/2000/svg%27%20version=%271.1%27%20width=%27220%27%20height=%27220%27/%3e","data:image/gif;base64,R0lGODlhAQABAIAAAAAAAP///yH5BAEAAAAALAAAAAABAAEAAAIBRAA7","data:image/svg+xml,%3csvg%20xmlns=%27http://www.w3.org/2000/svg%27%20version=%271.1%27%20width=%27220%27%20height=%27220%27/%3e","data:image/gif;base64,R0lGODlhAQABAIAAAAAAAP///yH5BAEAAAAALAAAAAABAAEAAAIBRAA7","+","3","More","Sdkl Memorial Glodha Hospital","3.9","47 Ratings","Hamirpur Road Bhira, Hamirpur-Himachal Pradesh","Prenatal Check Up","24 Hours Dentists","Dental & Oral X-ray","08460548592","WhatsApp","Send Enquiry","43 people recently enquired",""
"https://www.justdial.com/Hamirpur-Himachal-Pradesh/Dr-Neeraj-Sharma-Alahabad-Bank-Kohta/9999P1972-1972-181017101402-M8H4_BZDET?trkid=173-remotecity&term=Hosp&ncatid=10253670&area=&search=Best%20Hospitals%20in%20Hamirpur%20Himachal%20Pradesh&mncatname=Hospitals&abd_btn=&abd_heading=&bd=1&cat_b2b_flag=0&searchfrom=lst","","","","","","","","","","","","","Dr. Neeraj Sharma","3.6","6 Ratings","Gandhi Nagar Kohta, Hamirpur-Himachal Pradesh","Aesthetic Dermatology Consultation","<img alt=""Dr. Neeraj Sharma Alahabad Bank Kohta, Hamirpur-Himachal Pradesh"" title=""Dr. Neeraj Sharma Alahabad Bank Kohta, Hamirpur-Himachal Pradesh"" sizes=""100vw"" srcSet=""https://images.jdmagicbox.com/comp/hamirpur-himachal_pradesh/h4/9999p1972.1972.181017101402.m8h4/catalogue/dr-neeraj-sharma-hamirpur-himachal-pradesh-hospitals-k9jv1cfzn0-250.jpg?w=640&amp;q=75 640w, https://images.jdmagicbox.com/comp/hamirpur-himachal_pradesh/h4/9999p1972.1972.181017101402.m8h4/catalogue/dr-neeraj-sharma-hamirpur-himachal-pradesh-hospitals-k9jv1cfzn0-250.jpg?w=750&amp;q=75 750w, https://images.jdmagicbox.com/comp/hamirpur-himachal_pradesh/h4/9999p1972.1972.181017101402.m8h4/catalogue/dr-neeraj-sharma-hamirpur-himachal-pradesh-hospitals-k9jv1cfzn0-250.jpg?w=828&amp;q=75 828w, https://images.jdmagicbox.com/comp/hamirpur-himachal_pradesh/h4/9999p1972.1972.181017101402.m8h4/catalogue/dr-neeraj-sharma-hamirpur-himachal-pradesh-hospitals-k9jv1cfzn0-250.jpg?w=1080&amp;q=75 1080w, https://images.jdmagicbox.com/comp/hamirpur-himachal_pradesh/h4/9999p1972.1972.181017101402.m8h4/catalogue/dr-neeraj-sharma-hamirpur-himachal-pradesh-hospitals-k9jv1cfzn0-250.jpg?w=1200&amp;q=75 1200w, https://images.jdmagicbox.com/comp/hamirpur-himachal_pradesh/h4/9999p1972.1972.181017101402.m8h4/catalogue/dr-neeraj-sharma-hamirpur-himachal-pradesh-hospitals-k9jv1cfzn0-250.jpg?w=1920&amp;q=75 1920w, https://images.jdmagicbox.com/comp/hamirpur-himachal_pradesh/h4/9999p1972.1972.181017101402.m8h4/catalogue/dr-neeraj-sharma-hamirpur-himachal-pradesh-hospitals-k9jv1cfzn0-250.jpg?w=2048&amp;q=75 2048w, https://images.jdmagicbox.com/comp/hamirpur-himachal_pradesh/h4/9999p1972.1972.181017101402.m8h4/catalogue/dr-neeraj-sharma-hamirpur-himachal-pradesh-hospitals-k9jv1cfzn0-250.jpg?w=3840&amp;q=75 3840w"" src=""https://images.jdmagicbox.com/comp/hamirpur-himachal_pradesh/h4/9999p1972.1972.181017101402.m8h4/catalogue/dr-neeraj-sharma-hamirpur-himachal-pradesh-hospitals-k9jv1cfzn0-250.jpg?w=3840&amp;q=75"" decoding=""async"" data-nimg=""fill"" style=""position:absolute;top:0;left:0;bottom:0;right:0;box-sizing:border-box;padding:0;border:none;margin:auto;display:block;width:0;height:0;min-width:100%;max-width:100%;min-height:100%;max-height:100%"" class=""resultbox_image"" loading=""lazy""/>","Book Appointment","Show Number","WhatsApp","","10 people recently enquired","data:image/gif;base64,R0lGODlhAQABAIAAAAAAAP///yH5BAEAAAAALAAAAAABAAEAAAIBRAA7"
"https://www.justdial.com/Hamirpur-Himachal-Pradesh/AS-Thakur-MEMORIAL-MULTI-SPECIALITY-HOSPITAL-Near-Milkhi-Ram-Petrol-Pump-Hamirpur-H-O/9999P1972-1972-220531210402-L3Y7_BZDET?trkid=173-remotecity&term=Hosp&ncatid=10253670&area=&search=Best%20Hospitals%20in%20Hamirpur%20Himachal%20Pradesh&mncatname=Hospitals&abd_btn=&abd_heading=&bd=1&cat_b2b_flag=0&searchfrom=lst","data:image/svg+xml,%3csvg%20xmlns=%27http://www.w3.org/2000/svg%27%20version=%271.1%27%20width=%27220%27%20height=%27220%27/%3e","data:image/gif;base64,R0lGODlhAQABAIAAAAAAAP///yH5BAEAAAAALAAAAAABAAEAAAIBRAA7","data:image/gif;base64,R0lGODlhAQABAIAAAAAAAP///yH5BAEAAAAALAAAAAABAAEAAAIBRAA7","data:image/svg+xml,%3csvg%20xmlns=%27http://www.w3.org/2000/svg%27%20version=%271.1%27%20width=%27220%27%20height=%27220%27/%3e","data:image/gif;base64,R0lGODlhAQABAIAAAAAAAP///yH5BAEAAAAALAAAAAABAAEAAAIBRAA7","data:image/svg+xml,%3csvg%20xmlns=%27http://www.w3.org/2000/svg%27%20version=%271.1%27%20width=%27220%27%20height=%27220%27/%3e","data:image/gif;base64,R0lGODlhAQABAIAAAAAAAP///yH5BAEAAAAALAAAAAABAAEAAAIBRAA7","data:image/svg+xml,%3csvg%20xmlns=%27http://www.w3.org/2000/svg%27%20version=%271.1%27%20width=%27220%27%20height=%27220%27/%3e","data:image/gif;base64,R0lGODlhAQABAIAAAAAAAP///yH5BAEAAAAALAAAAAABAAEAAAIBRAA7","+","27","More","A.S. Thakur MEMORIAL MULTI SPECIALITY HOSPITAL","4.0","57 Ratings","Hamirpur H O, Hamirpur-Himachal Pradesh","Contact Lens Prescription","In-Vitro Fertilisation (IVF)","Ovarian Diseases","08460238385","WhatsApp","Send Enquiry","109 people recently enquired",""
"https://www.justdial.com/Hamirpur-Himachal-Pradesh/Dr-Chauhan-Ortho-Physiotherapy-Center-Kohta/9999P1972-1972-230721152743-U3Y2_BZDET?trkid=173-remotecity&term=Hosp&ncatid=10253670&area=&search=Best%20Hospitals%20in%20Hamirpur%20Himachal%20Pradesh&mncatname=Hospitals&abd_btn=&abd_heading=&bd=1&cat_b2b_flag=0&searchfrom=lst","data:image/svg+xml,%3csvg%20xmlns=%27http://www.w3.org/2000/svg%27%20version=%271.1%27%20width=%27220%27%20height=%27220%27/%3e","data:image/gif;base64,R0lGODlhAQABAIAAAAAAAP///yH5BAEAAAAALAAAAAABAAEAAAIBRAA7","data:image/gif;base64,R0lGODlhAQABAIAAAAAAAP///yH5BAEAAAAALAAAAAABAAEAAAIBRAA7","data:image/svg+xml,%3csvg%20xmlns=%27http://www.w3.org/2000/svg%27%20version=%271.1%27%20width=%27220%27%20height=%27220%27/%3e","data:image/gif;base64,R0lGODlhAQABAIAAAAAAAP///yH5BAEAAAAALAAAAAABAAEAAAIBRAA7","data:image/svg+xml,%3csvg%20xmlns=%27http://www.w3.org/2000/svg%27%20version=%271.1%27%20width=%27220%27%20height=%27220%27/%3e","data:image/gif;base64,R0lGODlhAQABAIAAAAAAAP///yH5BAEAAAAALAAAAAABAAEAAAIBRAA7","data:image/svg+xml,%3csvg%20xmlns=%27http://www.w3.org/2000/svg%27%20version=%271.1%27%20width=%27220%27%20height=%27220%27/%3e","data:image/gif;base64,R0lGODlhAQABAIAAAAAAAP///yH5BAEAAAAALAAAAAABAAEAAAIBRAA7","+","1","More","Dr. Chauhan Ortho & Physiotherapy Center","4.6","17 Ratings","Kohta, Hamirpur-Himachal Pradesh","Sports Fracture Rehabilitation","Pelvic Rehabilitation","","Show Number","WhatsApp","Send Enquiry","",""
"https://www.justdial.com/Hamirpur-Himachal-Pradesh/BHANDARI-Hospital-Near-Him-Public-School-Hamirpur/9999P1972-1972-200921160947-Z4B3_BZDET?trkid=173-remotecity&term=Hosp&ncatid=10253670&area=&search=Best%20Hospitals%20in%20Hamirpur%20Himachal%20Pradesh&mncatname=Hospitals&abd_btn=&abd_heading=&bd=1&cat_b2b_flag=0&searchfrom=lst","data:image/svg+xml,%3csvg%20xmlns=%27http://www.w3.org/2000/svg%27%20version=%271.1%27%20width=%27220%27%20height=%27220%27/%3e","data:image/gif;base64,R0lGODlhAQABAIAAAAAAAP///yH5BAEAAAAALAAAAAABAAEAAAIBRAA7","data:image/gif;base64,R0lGODlhAQABAIAAAAAAAP///yH5BAEAAAAALAAAAAABAAEAAAIBRAA7","data:image/svg+xml,%3csvg%20xmlns=%27http://www.w3.org/2000/svg%27%20version=%271.1%27%20width=%27220%27%20height=%27220%27/%3e","data:image/gif;base64,R0lGODlhAQABAIAAAAAAAP///yH5BAEAAAAALAAAAAABAAEAAAIBRAA7","data:image/svg+xml,%3csvg%20xmlns=%27http://www.w3.org/2000/svg%27%20version=%271.1%27%20width=%27220%27%20height=%27220%27/%3e","data:image/gif;base64,R0lGODlhAQABAIAAAAAAAP///yH5BAEAAAAALAAAAAABAAEAAAIBRAA7","","","","","","BHANDARI Hospital","4.3","162 Ratings","Byepass Road Hamirpur, Hamirpur-Himachal Pradesh","Obstetrics Problems","Animal Diseases","Ovarian Diseases","07411559570","WhatsApp","Send Enquiry","69 people recently enquired",""
"https://www.justdial.com/Hamirpur-Himachal-Pradesh/V-Care-Medical-Centre-Near-Main-Highway-Kohta/9999P1972-1972-210216114954-B6I1_BZDET?trkid=173-remotecity&term=Hosp&ncatid=10253670&area=&search=Best%20Hospitals%20in%20Hamirpur%20Himachal%20Pradesh&mncatname=Hospitals&abd_btn=&abd_heading=&bd=1&cat_b2b_flag=0&searchfrom=lst","data:image/svg+xml,%3csvg%20xmlns=%27http://www.w3.org/2000/svg%27%20version=%271.1%27%20width=%27220%27%20height=%27220%27/%3e","https://content.jdmagicbox.com/comp/hamirpur-himachal_pradesh/i1/9999p1972.1972.210216114954.b6i1/catalogue/v-care-medical-centre-hamirpur-himachal-pradesh-hospitals-hrorcpvzdt-250.jpg?w=640&q=75","https://content.jdmagicbox.com/comp/hamirpur-himachal-pradesh/i1/9999p1972.1972.210216114954.b6i1/catalogue/v-care-medical-centre-hamirpur-himachal-pradesh-dermatologists-0l42qrwpiz-250.jpg?w=640&q=75","data:image/svg+xml,%3csvg%20xmlns=%27http://www.w3.org/2000/svg%27%20version=%271.1%27%20width=%27220%27%20height=%27220%27/%3e","data:image/gif;base64,R0lGODlhAQABAIAAAAAAAP///yH5BAEAAAAALAAAAAABAAEAAAIBRAA7","data:image/svg+xml,%3csvg%20xmlns=%27http://www.w3.org/2000/svg%27%20version=%271.1%27%20width=%27220%27%20height=%27220%27/%3e","data:image/gif;base64,R0lGODlhAQABAIAAAAAAAP///yH5BAEAAAAALAAAAAABAAEAAAIBRAA7","data:image/svg+xml,%3csvg%20xmlns=%27http://www.w3.org/2000/svg%27%20version=%271.1%27%20width=%27220%27%20height=%27220%27/%3e","data:image/gif;base64,R0lGODlhAQABAIAAAAAAAP///yH5BAEAAAAALAAAAAABAAEAAAIBRAA7","+","30","More","V Care Medical Centre","4.0","26 Ratings","Near Kashmeri Petrol Pump Kohta, Hamirpur-Himachal Pradesh","Liposuction","Consultant Rheumatolgist","","07383598180","WhatsApp","Send Enquiry","67 people recently enquired",""
"https://www.justdial.com/Hamirpur-Himachal-Pradesh/Kamla-Ayurvedic-Hospital-Mehre/9999P1972-1972-191229160516-A5C9_BZDET?trkid=173-remotecity&term=Hosp&ncatid=10253670&area=&search=Best%20Hospitals%20in%20Hamirpur%20Himachal%20Pradesh&mncatname=Hospitals&abd_btn=&abd_heading=&bd=1&cat_b2b_flag=0&searchfrom=lst","data:image/svg+xml,%3csvg%20xmlns=%27http://www.w3.org/2000/svg%27%20version=%271.1%27%20width=%27220%27%20height=%27220%27/%3e","https://content.jdmagicbox.com/comp/hamirpur-himachal_pradesh/c9/9999p1972.1972.191229160516.a5c9/catalogue/kamla-ayurvedic-hospital-mehre-hamirpur-himachal-pradesh-ayurvedic-hospitals-3v487ut2rw-250.jpg?w=640&q=75","https://content.jdmagicbox.com/comp/hamirpur-himachal_pradesh/c9/9999p1972.1972.191229160516.a5c9/catalogue/kamla-ayurvedic-hospital-mehre-hamirpur-himachal-pradesh-ayurvedic-hospitals-4hep9dk93n-250.jpg?w=640&q=75","data:image/svg+xml,%3csvg%20xmlns=%27http://www.w3.org/2000/svg%27%20version=%271.1%27%20width=%27220%27%20height=%27220%27/%3e","data:image/gif;base64,R0lGODlhAQABAIAAAAAAAP///yH5BAEAAAAALAAAAAABAAEAAAIBRAA7","data:image/svg+xml,%3csvg%20xmlns=%27http://www.w3.org/2000/svg%27%20version=%271.1%27%20width=%27220%27%20height=%27220%27/%3e","data:image/gif;base64,R0lGODlhAQABAIAAAAAAAP///yH5BAEAAAAALAAAAAABAAEAAAIBRAA7","data:image/svg+xml,%3csvg%20xmlns=%27http://www.w3.org/2000/svg%27%20version=%271.1%27%20width=%27220%27%20height=%27220%27/%3e","data:image/gif;base64,R0lGODlhAQABAIAAAAAAAP///yH5BAEAAAAALAAAAAABAAEAAAIBRAA7","+","7","More","Kamla Ayurvedic Hospital","4.7","29 Ratings","HAMIRPUR-UNA ROAD Mehre, Hamirpur-Himachal Pradesh","Piles and Fistula","Sexologist Consultation","All Cronic Illness","09724703657","WhatsApp","Send Enquiry","67 people recently enquired",""
"https://www.justdial.com/Nawanshahr/A-One-Hospital-Chandigarh-Road/9999P1823-1823-171231194511-W2I1_BZDET?trkid=173-remotecity&term=Hosp&ncatid=10253670&area=&search=Best%20Hospitals%20in%20Hamirpur%20Himachal%20Pradesh&mncatname=Hospitals&abd_btn=&abd_heading=&bd=1&cat_b2b_flag=0&searchfrom=lst","data:image/svg+xml,%3csvg%20xmlns=%27http://www.w3.org/2000/svg%27%20version=%271.1%27%20width=%27220%27%20height=%27220%27/%3e","https://content.jdmagicbox.com/comp/nawanshahr/i1/9999p1823.1823.171231194511.w2i1/catalogue/a-one-kidney-and-stone-centre-kulam-nawanshahr-urologist-doctors-0dbyvzyp7s-250.jpg?w=640&q=75","https://content.jdmagicbox.com/comp/banga/i1/9999p1823.1823.171231194511.w2i1/catalogue/a-one-kidney-and-stone-centre-nawan-shahar-banga-hospitals-xlu7jyufdp-250.jpg?w=640&q=75","data:image/svg+xml,%3csvg%20xmlns=%27http://www.w3.org/2000/svg%27%20version=%271.1%27%20width=%27220%27%20height=%27220%27/%3e","data:image/gif;base64,R0lGODlhAQABAIAAAAAAAP///yH5BAEAAAAALAAAAAABAAEAAAIBRAA7","data:image/svg+xml,%3csvg%20xmlns=%27http://www.w3.org/2000/svg%27%20version=%271.1%27%20width=%27220%27%20height=%27220%27/%3e","data:image/gif;base64,R0lGODlhAQABAIAAAAAAAP///yH5BAEAAAAALAAAAAABAAEAAAIBRAA7","data:image/svg+xml,%3csvg%20xmlns=%27http://www.w3.org/2000/svg%27%20version=%271.1%27%20width=%27220%27%20height=%27220%27/%3e","data:image/gif;base64,R0lGODlhAQABAIAAAAAAAP///yH5BAEAAAAALAAAAAABAAEAAAIBRAA7","+","9","More","A One Hospital","4.6","323 Ratings","Chandigarh Road, Nawanshahr","Prenatal Check Up","Obstetrics Problems","Diagnostic And Pathology","Show Number","WhatsApp","Send Enquiry","",""
"","","","","","","","","","","","","","","","","","","","","","","","",""
"https://www.justdial.com/Ludhiana/Bawa-Hospital-Near-Old-Dandi-Swami-Mandir-Civil-Lines/0161PX161-X161-131122123449-D7I3_BZDET?trkid=173-remotecity&term=Hosp&ncatid=10253670&area=&search=Best%20Hospitals%20in%20Hamirpur%20Himachal%20Pradesh&mncatname=Hospitals&abd_btn=&abd_heading=&bd=1&cat_b2b_flag=0&searchfrom=lst","data:image/svg+xml,%3csvg%20xmlns=%27http://www.w3.org/2000/svg%27%20version=%271.1%27%20width=%27220%27%20height=%27220%27/%3e","data:image/gif;base64,R0lGODlhAQABAIAAAAAAAP///yH5BAEAAAAALAAAAAABAAEAAAIBRAA7","data:image/gif;base64,R0lGODlhAQABAIAAAAAAAP///yH5BAEAAAAALAAAAAABAAEAAAIBRAA7","data:image/svg+xml,%3csvg%20xmlns=%27http://www.w3.org/2000/svg%27%20version=%271.1%27%20width=%27220%27%20height=%27220%27/%3e","data:image/gif;base64,R0lGODlhAQABAIAAAAAAAP///yH5BAEAAAAALAAAAAABAAEAAAIBRAA7","data:image/svg+xml,%3csvg%20xmlns=%27http://www.w3.org/2000/svg%27%20version=%271.1%27%20width=%27220%27%20height=%27220%27/%3e","data:image/gif;base64,R0lGODlhAQABAIAAAAAAAP///yH5BAEAAAAALAAAAAABAAEAAAIBRAA7","data:image/svg+xml,%3csvg%20xmlns=%27http://www.w3.org/2000/svg%27%20version=%271.1%27%20width=%27220%27%20height=%27220%27/%3e","data:image/gif;base64,R0lGODlhAQABAIAAAAAAAP///yH5BAEAAAAALAAAAAABAAEAAAIBRAA7","+","16","More","Bawa Hospital","4.2","209 Ratings","Civil Lines, Ludhiana","In-Vitro Fertilisation (IVF)","Obstetrics Problems","Cosmetic and Aesthetic","07041397103","WhatsApp","Send Enquiry","461 people recently enquired",""
"https://www.justdial.com/Kangra/Janak-Health-Kshar-Sutra-Center-Near-Geeta-Bhawan-Sangariya-Saray-Kangra-Town/9999P1892-1892-190319104210-C9S8_BZDET?trkid=173-remotecity&term=Hosp&ncatid=10253670&area=&search=Best%20Hospitals%20in%20Hamirpur%20Himachal%20Pradesh&mncatname=Hospitals&abd_btn=&abd_heading=&bd=1&cat_b2b_flag=0&searchfrom=lst","data:image/svg+xml,%3csvg%20xmlns=%27http://www.w3.org/2000/svg%27%20version=%271.1%27%20width=%27220%27%20height=%27220%27/%3e","https://content.jdmagicbox.com/comp/kangra/s8/9999p1892.1892.190319104210.c9s8/catalogue/janak-health-kshar-sutra-center-town-kangra-ayurvedic-doctors-for-anorectal-disorders-wwvqse6arg-250.jpg?w=640&q=75","https://content.jdmagicbox.com/comp/kangra/s8/9999p1892.1892.190319104210.c9s8/catalogue/janak-health-kshar-sutra-center-town-kangra-piles-doctors-nzla7rpod9-250.jpg?w=640&q=75","data:image/svg+xml,%3csvg%20xmlns=%27http://www.w3.org/2000/svg%27%20version=%271.1%27%20width=%27220%27%20height=%27220%27/%3e","data:image/gif;base64,R0lGODlhAQABAIAAAAAAAP///yH5BAEAAAAALAAAAAABAAEAAAIBRAA7","data:image/svg+xml,%3csvg%20xmlns=%27http://www.w3.org/2000/svg%27%20version=%271.1%27%20width=%27220%27%20height=%27220%27/%3e","data:image/gif;base64,R0lGODlhAQABAIAAAAAAAP///yH5BAEAAAAALAAAAAABAAEAAAIBRAA7","data:image/svg+xml,%3csvg%20xmlns=%27http://www.w3.org/2000/svg%27%20version=%271.1%27%20width=%27220%27%20height=%27220%27/%3e","data:image/gif;base64,R0lGODlhAQABAIAAAAAAAP///yH5BAEAAAAALAAAAAABAAEAAAIBRAA7","+","7","More","Janak Health Kshar Sutra Center","4.8","11 Ratings","Hoshiarpur Road Kangra Town, Kangra","Hospitals","","","Show Number","WhatsApp","Send Enquiry","24 people recently enquired",""
"https://www.justdial.com/Mahendergarh/Panchgavya-Arogya-Kendra-Near-Ateli-Mandi-Ateli/9999P1285-1285-230813153833-R3S8_BZDET?trkid=173-remotecity&term=Hosp&ncatid=10253670&area=&search=Best%20Hospitals%20in%20Hamirpur%20Himachal%20Pradesh&mncatname=Hospitals&abd_btn=&abd_heading=&bd=1&cat_b2b_flag=0&searchfrom=lst","data:image/svg+xml,%3csvg%20xmlns=%27http://www.w3.org/2000/svg%27%20version=%271.1%27%20width=%27220%27%20height=%27220%27/%3e","https://content.jdmagicbox.com/comp/mahendergarh/s8/9999p1285.1285.230813153833.r3s8/catalogue/panchgavya-arogya-kendra-ateli-mahendergarh-ayurvedic-doctors-bhj119u9be-250.jpg?w=640&q=75","https://content.jdmagicbox.com/comp/mahendergarh/s8/9999p1285.1285.230813153833.r3s8/catalogue/panchgavya-arogya-kendra-ateli-mahendergarh-ayurvedic-doctors-1su4pt7c7d-250.jpg?w=640&q=75","data:image/svg+xml,%3csvg%20xmlns=%27http://www.w3.org/2000/svg%27%20version=%271.1%27%20width=%27220%27%20height=%27220%27/%3e","data:image/gif;base64,R0lGODlhAQABAIAAAAAAAP///yH5BAEAAAAALAAAAAABAAEAAAIBRAA7","data:image/svg+xml,%3csvg%20xmlns=%27http://www.w3.org/2000/svg%27%20version=%271.1%27%20width=%27220%27%20height=%27220%27/%3e","data:image/gif;base64,R0lGODlhAQABAIAAAAAAAP///yH5BAEAAAAALAAAAAABAAEAAAIBRAA7","data:image/svg+xml,%3csvg%20xmlns=%27http://www.w3.org/2000/svg%27%20version=%271.1%27%20width=%27220%27%20height=%27220%27/%3e","data:image/gif;base64,R0lGODlhAQABAIAAAAAAAP///yH5BAEAAAAALAAAAAABAAEAAAIBRAA7","+","8","More","Panchgavya Arogya Kendra","4.9","557 Ratings","Ateli, Mahendergarh","Thyroid","","Book Appointment","08733987741","WhatsApp","","982 people recently enquired",""
"https://www.justdial.com/Sri-Ganganagar-Rajasthan/J-P-Ayurveda-And-Panchkarma-Hospital-Opp-Andhvidhalaya-Ganganagar-Near-Om-Sai-Hospital-Ganganagar/9999PX154-X154-240222121241-L3F6_BZDET?trkid=173-remotecity&term=Hosp&ncatid=10253670&area=&search=Best%20Hospitals%20in%20Hamirpur%20Himachal%20Pradesh&mncatname=Hospitals&abd_btn=&abd_heading=&bd=1&cat_b2b_flag=0&searchfrom=lst","data:image/svg+xml,%3csvg%20xmlns=%27http://www.w3.org/2000/svg%27%20version=%271.1%27%20width=%27220%27%20height=%27220%27/%3e","https://content.jdmagicbox.com/comp/sri-ganganagar-rajasthan/f6/9999px154.x154.240222121241.l3f6/catalogue/j-p-ayurveda-and-panchkarma-hospital-ganganagar-sri-ganganagar-rajasthan-dermatologists-bryucf2jhj-250.jpg?w=640&q=75","https://content.jdmagicbox.com/comp/sri-ganganagar-rajasthan/f6/9999px154.x154.240222121241.l3f6/catalogue/j-p-ayurveda-and-panchkarma-hospital-ganganagar-sri-ganganagar-rajasthan-dermatologists-1kxqvnawke-250.jpg?w=640&q=75","data:image/svg+xml,%3csvg%20xmlns=%27http://www.w3.org/2000/svg%27%20version=%271.1%27%20width=%27220%27%20height=%27220%27/%3e","data:image/gif;base64,R0lGODlhAQABAIAAAAAAAP///yH5BAEAAAAALAAAAAABAAEAAAIBRAA7","data:image/svg+xml,%3csvg%20xmlns=%27http://www.w3.org/2000/svg%27%20version=%271.1%27%20width=%27220%27%20height=%27220%27/%3e","data:image/gif;base64,R0lGODlhAQABAIAAAAAAAP///yH5BAEAAAAALAAAAAABAAEAAAIBRAA7","data:image/svg+xml,%3csvg%20xmlns=%27http://www.w3.org/2000/svg%27%20version=%271.1%27%20width=%27220%27%20height=%27220%27/%3e","data:image/gif;base64,R0lGODlhAQABAIAAAAAAAP///yH5BAEAAAAALAAAAAABAAEAAAIBRAA7","+","130","More","J P Ayurveda And Panchkarma Hospital","4.5","100 Ratings","Near Om Sai Hospital Ganganagar, Sri Ganganagar-Rajasthan","Ayurvedic Panchakarma","Garbha-Sanskar","Book Appointment","Show Number","WhatsApp","more","777 people recently enquired",""
"https://www.justdial.com/Bikaner/Nangal-Cancer-Hospital-Research-Institute-Opposite-Acharya-Tulsi-Cancer-Hospital-Road-Bikaner-Agra-Road/9999PX151-X151-140204095828-V9Z4_BZDET?trkid=173-remotecity&term=Hosp&ncatid=10253670&area=&search=Best%20Hospitals%20in%20Hamirpur%20Himachal%20Pradesh&mncatname=Hospitals&abd_btn=&abd_heading=&bd=1&cat_b2b_flag=0&searchfrom=lst","data:image/svg+xml,%3csvg%20xmlns=%27http://www.w3.org/2000/svg%27%20version=%271.1%27%20width=%27220%27%20height=%27220%27/%3e","https://content.jdmagicbox.com/v2/comp/bikaner/z4/9999px151.x151.140204095828.v9z4/catalogue/nangal-cancer-hospital-and-research-institute-bikaner-agra-road-bikaner-multispeciality-hospitals-dy722v0gp6-250.jpg?w=640&q=75","https://content.jdmagicbox.com/comp/bikaner/z4/9999px151.x151.140204095828.v9z4/catalogue/nangal-cancer-hospital-and-research-institute-bikaner-agra-road-bikaner-breast-cancer-doctors-oqpu5867oe-250.jpg?w=640&q=75","data:image/svg+xml,%3csvg%20xmlns=%27http://www.w3.org/2000/svg%27%20version=%271.1%27%20width=%27220%27%20height=%27220%27/%3e","data:image/gif;base64,R0lGODlhAQABAIAAAAAAAP///yH5BAEAAAAALAAAAAABAAEAAAIBRAA7","data:image/svg+xml,%3csvg%20xmlns=%27http://www.w3.org/2000/svg%27%20version=%271.1%27%20width=%27220%27%20height=%27220%27/%3e","data:image/gif;base64,R0lGODlhAQABAIAAAAAAAP///yH5BAEAAAAALAAAAAABAAEAAAIBRAA7","data:image/svg+xml,%3csvg%20xmlns=%27http://www.w3.org/2000/svg%27%20version=%271.1%27%20width=%27220%27%20height=%27220%27/%3e","data:image/gif;base64,R0lGODlhAQABAIAAAAAAAP///yH5BAEAAAAALAAAAAABAAEAAAIBRAA7","+","9","More","Nangal Cancer Hospital & Research Institute","4.7","598 Ratings","College Road Bikaner Agra Road, Bikaner","Hematolical Oncology Consultation","","","Show Number","WhatsApp","Send Enquiry","",""
"https://www.justdial.com/Bhopal/Pragati-Medcity-and-Stem-Cell-Centre-Near-Indian-Bank-Gulmohar-Branch-Rohit-Nagar/0755PX755-X755-230927052446-F6A4_BZDET?trkid=173-remotecity&term=Hosp&ncatid=10253670&area=&search=Best%20Hospitals%20in%20Hamirpur%20Himachal%20Pradesh&mncatname=Hospitals&abd_btn=&abd_heading=&bd=1&cat_b2b_flag=0&searchfrom=lst","data:image/svg+xml,%3csvg%20xmlns=%27http://www.w3.org/2000/svg%27%20version=%271.1%27%20width=%27220%27%20height=%27220%27/%3e","https://content.jdmagicbox.com/comp/bhopal/a4/0755px755.x755.230927052446.f6a4/catalogue/pragati-medcity-and-stem-cell-centre-bhopal-hospitals-p9v7dwl6uv-250.jpg?w=640&q=75","https://content.jdmagicbox.com/comp/bhopal/a4/0755px755.x755.230927052446.f6a4/catalogue/pragati-medcity-and-stem-cell-centre-bhopal-hospitals-xxcn5u56y1-250.jpg?w=640&q=75","data:image/svg+xml,%3csvg%20xmlns=%27http://www.w3.org/2000/svg%27%20version=%271.1%27%20width=%27220%27%20height=%27220%27/%3e","data:image/gif;base64,R0lGODlhAQABAIAAAAAAAP///yH5BAEAAAAALAAAAAABAAEAAAIBRAA7","data:image/svg+xml,%3csvg%20xmlns=%27http://www.w3.org/2000/svg%27%20version=%271.1%27%20width=%27220%27%20height=%27220%27/%3e","data:image/gif;base64,R0lGODlhAQABAIAAAAAAAP///yH5BAEAAAAALAAAAAABAAEAAAIBRAA7","data:image/svg+xml,%3csvg%20xmlns=%27http://www.w3.org/2000/svg%27%20version=%271.1%27%20width=%27220%27%20height=%27220%27/%3e","data:image/gif;base64,R0lGODlhAQABAIAAAAAAAP///yH5BAEAAAAALAAAAAABAAEAAAIBRAA7","+","26","More","Pragati Medcity and Stem Cell Centre","4.8","30 Ratings","Ajay Singh Marg Rohit Nagar, Bhopal","Hospitals","","Book Appointment","09035344697","WhatsApp","","419 people recently enquired",""
"https://www.justdial.com/Nagpur/Global-Health-Tourism-Near-Govt-Super-Speciality-Hospital-Vishwakarma-Nagar/0712PX712-X712-240327171548-K9W4_BZDET?trkid=173-remotecity&term=Hosp&ncatid=10253670&area=&search=Best%20Hospitals%20in%20Hamirpur%20Himachal%20Pradesh&mncatname=Hospitals&abd_btn=&abd_heading=&bd=1&cat_b2b_flag=0&searchfrom=lst","data:image/svg+xml,%3csvg%20xmlns=%27http://www.w3.org/2000/svg%27%20version=%271.1%27%20width=%27220%27%20height=%27220%27/%3e","https://content.jdmagicbox.com/comp/nagpur/w4/0712px712.x712.240327171548.k9w4/catalogue/global-health-tourism-nagpur-emergency-services-7hfb2438xu-250.jpg?w=640&q=75","https://content.jdmagicbox.com/comp/nagpur/w4/0712px712.x712.240327171548.k9w4/catalogue/global-health-tourism-nagpur-orthopaedic-doctors-pd9919pk72-250.jpg?w=640&q=75","data:image/svg+xml,%3csvg%20xmlns=%27http://www.w3.org/2000/svg%27%20version=%271.1%27%20width=%27220%27%20height=%27220%27/%3e","data:image/gif;base64,R0lGODlhAQABAIAAAAAAAP///yH5BAEAAAAALAAAAAABAAEAAAIBRAA7","","","","","","","","Global Health Tourism","4.7","35 Ratings","Lane No 5 Vishwakarma Nagar, Nagpur","Hospitals","","","09980635869","WhatsApp","Send Enquiry","",""
"https://www.justdial.com/Ranchi/Nephron-Kidney-Kare-Clinic-Near-Central-Academy-School-Bariatu/0651PX651-X651-111231101934-H2G8_BZDET?trkid=173-remotecity&term=Hosp&ncatid=10253670&area=&search=Best%20Hospitals%20in%20Hamirpur%20Himachal%20Pradesh&mncatname=Hospitals&abd_btn=&abd_heading=&bd=1&cat_b2b_flag=0&searchfrom=lst","data:image/svg+xml,%3csvg%20xmlns=%27http://www.w3.org/2000/svg%27%20version=%271.1%27%20width=%27220%27%20height=%27220%27/%3e","https://content.jdmagicbox.com/comp/ranchi/g8/0651px651.x651.111231101934.h2g8/catalogue/nephron-kidney-kare-klinic-bariatu-ranchi-hospitals-dr61m5ogxn-250.jpg?w=640&q=75","https://content.jdmagicbox.com/comp/ranchi/g8/0651px651.x651.111231101934.h2g8/catalogue/nephron-kidney-kare-klinic-bariatu-ranchi-hospitals-c9mitbvr7l-250.jpg?w=640&q=75","data:image/svg+xml,%3csvg%20xmlns=%27http://www.w3.org/2000/svg%27%20version=%271.1%27%20width=%27220%27%20height=%27220%27/%3e","data:image/gif;base64,R0lGODlhAQABAIAAAAAAAP///yH5BAEAAAAALAAAAAABAAEAAAIBRAA7","data:image/svg+xml,%3csvg%20xmlns=%27http://www.w3.org/2000/svg%27%20version=%271.1%27%20width=%27220%27%20height=%27220%27/%3e","data:image/gif;base64,R0lGODlhAQABAIAAAAAAAP///yH5BAEAAAAALAAAAAABAAEAAAIBRAA7","data:image/svg+xml,%3csvg%20xmlns=%27http://www.w3.org/2000/svg%27%20version=%271.1%27%20width=%27220%27%20height=%27220%27/%3e","data:image/gif;base64,R0lGODlhAQABAIAAAAAAAP///yH5BAEAAAAALAAAAAABAAEAAAIBRAA7","+","7","More","Nephron Kidney Kare Clinic","3.8","116 Ratings","Bariatu Road Bariatu, Ranchi","Pediatric Consultation","","Book Appointment","Show Number","WhatsApp","","136 people recently enquired",""
"https://www.justdial.com/Ahmednagar/Sai-Surya-Netra-Seva-Manik-Chowk/9999PX241-X241-141113105339-L2T1_BZDET?trkid=173-remotecity&term=Hosp&ncatid=10253670&area=&search=Best%20Hospitals%20in%20Hamirpur%20Himachal%20Pradesh&mncatname=Hospitals&abd_btn=&abd_heading=&bd=1&cat_b2b_flag=0&searchfrom=lst","data:image/svg+xml,%3csvg%20xmlns=%27http://www.w3.org/2000/svg%27%20version=%271.1%27%20width=%27220%27%20height=%27220%27/%3e","https://content.jdmagicbox.com/comp/ahmednagar/t1/9999px241.x241.141113105339.l2t1/catalogue/sai-surya-netra-seva-manik-chowk-ahmednagar-hospitals-051lo8k3p0-250.jpg?w=640&q=75","https://content.jdmagicbox.com/comp/ahmednagar/t1/9999px241.x241.141113105339.l2t1/catalogue/sai-surya-netra-seva-manik-chowk-ahmednagar-hospitals-nv661lw5g6-250.jpg?w=640&q=75","data:image/svg+xml,%3csvg%20xmlns=%27http://www.w3.org/2000/svg%27%20version=%271.1%27%20width=%27220%27%20height=%27220%27/%3e","data:image/gif;base64,R0lGODlhAQABAIAAAAAAAP///yH5BAEAAAAALAAAAAABAAEAAAIBRAA7","data:image/svg+xml,%3csvg%20xmlns=%27http://www.w3.org/2000/svg%27%20version=%271.1%27%20width=%27220%27%20height=%27220%27/%3e","data:image/gif;base64,R0lGODlhAQABAIAAAAAAAP///yH5BAEAAAAALAAAAAABAAEAAAIBRAA7","data:image/svg+xml,%3csvg%20xmlns=%27http://www.w3.org/2000/svg%27%20version=%271.1%27%20width=%27220%27%20height=%27220%27/%3e","data:image/gif;base64,R0lGODlhAQABAIAAAAAAAP///yH5BAEAAAAALAAAAAABAAEAAAIBRAA7","+","36","More","Sai Surya Netra Seva","4.7","896 Ratings","Vardhaman Manik Chowk, Ahmednagar","Contact Lens Prescription","Glaucoma","","08460376010","WhatsApp","Send Enquiry","153 people recently enquired",""
"https://www.justdial.com/Bangalore/Bethel-Medical-Mission-Hospital-Hosmat-Hospital-Education-Group-Near-Laggere-Ring-Road-Laggere/080PXX80-XX80-140227131619-P8N2_BZDET?trkid=173-remotecity&term=Hosp&ncatid=10253670&area=&search=Best%20Hospitals%20in%20Hamirpur%20Himachal%20Pradesh&mncatname=Hospitals&abd_btn=&abd_heading=&bd=1&cat_b2b_flag=0&searchfrom=lst","data:image/svg+xml,%3csvg%20xmlns=%27http://www.w3.org/2000/svg%27%20version=%271.1%27%20width=%27220%27%20height=%27220%27/%3e","https://content.jdmagicbox.com/v2/comp/bangalore/n2/080pxx80.xx80.140227131619.p8n2/catalogue/bethel-medical-mission-and-hosmat-hospital-education-group-laggere-bangalore-hospitals-3bjjkfjpz1-250.jpg?w=640&q=75","https://content.jdmagicbox.com/v2/comp/bangalore/n2/080pxx80.xx80.140227131619.p8n2/catalogue/bethel-medical-mission-and-hosmat-hospital-education-group-laggere-bangalore-hospitals-uz7fu28auu-250.jpg?w=640&q=75","data:image/svg+xml,%3csvg%20xmlns=%27http://www.w3.org/2000/svg%27%20version=%271.1%27%20width=%27220%27%20height=%27220%27/%3e","data:image/gif;base64,R0lGODlhAQABAIAAAAAAAP///yH5BAEAAAAALAAAAAABAAEAAAIBRAA7","data:image/svg+xml,%3csvg%20xmlns=%27http://www.w3.org/2000/svg%27%20version=%271.1%27%20width=%27220%27%20height=%27220%27/%3e","data:image/gif;base64,R0lGODlhAQABAIAAAAAAAP///yH5BAEAAAAALAAAAAABAAEAAAIBRAA7","data:image/svg+xml,%3csvg%20xmlns=%27http://www.w3.org/2000/svg%27%20version=%271.1%27%20width=%27220%27%20height=%27220%27/%3e","data:image/gif;base64,R0lGODlhAQABAIAAAAAAAP///yH5BAEAAAAALAAAAAABAAEAAAIBRAA7","+","13","More","Bethel Medical Mission Hospital & Hosmat Hospital Education Group","4.0","144 Ratings","Preety Nagar Laggere, Bangalore","Hospitals","Colleges","","07048209067","WhatsApp","Send Enquiry","1487 people recently enquired",""
"https://www.justdial.com/Hamirpur-Himachal-Pradesh/Hamir-Multispeciality-Hospital-Research-Centre-Near-By-Pass-Road-Hamirpur-Pratap-Nagar/9999P1972-1972-200302170036-T5U4_BZDET?trkid=173-remotecity&term=Hosp&ncatid=10253670&area=&search=Best%20Hospitals%20in%20Hamirpur%20Himachal%20Pradesh&mncatname=Hospitals&abd_btn=&abd_heading=&bd=1&cat_b2b_flag=0&searchfrom=lst","data:image/svg+xml,%3csvg%20xmlns=%27http://www.w3.org/2000/svg%27%20version=%271.1%27%20width=%27220%27%20height=%27220%27/%3e","https://content.jdmagicbox.com/comp/hamirpur-himachal_pradesh/u4/9999p1972.1972.200302170036.t5u4/catalogue/hamir-multispeciality-hospital-and-research-centre-hamirpur-h-o-hamirpur-himachal-pradesh-hospitals-1ca7wtslw7-250.jpg?w=640&q=75","https://content.jdmagicbox.com/v2/comp/hamirpur-himachal-pradesh/u4/9999p1972.1972.200302170036.t5u4/catalogue/hamir-multispeciality-hospital-and-research-centre-pratap-nagar-hamirpur-himachal-pradesh-hospitals-f7yd2mguko-250.jpg?w=640&q=75","data:image/svg+xml,%3csvg%20xmlns=%27http://www.w3.org/2000/svg%27%20version=%271.1%27%20width=%27220%27%20height=%27220%27/%3e","data:image/gif;base64,R0lGODlhAQABAIAAAAAAAP///yH5BAEAAAAALAAAAAABAAEAAAIBRAA7","data:image/svg+xml,%3csvg%20xmlns=%27http://www.w3.org/2000/svg%27%20version=%271.1%27%20width=%27220%27%20height=%27220%27/%3e","data:image/gif;base64,R0lGODlhAQABAIAAAAAAAP///yH5BAEAAAAALAAAAAABAAEAAAIBRAA7","data:image/svg+xml,%3csvg%20xmlns=%27http://www.w3.org/2000/svg%27%20version=%271.1%27%20width=%27220%27%20height=%27220%27/%3e","data:image/gif;base64,R0lGODlhAQABAIAAAAAAAP///yH5BAEAAAAALAAAAAABAAEAAAIBRAA7","+","18","More","Hamir Multispeciality Hospital & Research Centre","4.7","33 Ratings","By Pass Road Pratap Nagar, Hamirpur-Himachal Pradesh","24 Hours Dentists","","","Show Number","WhatsApp","Send Enquiry","",""
"https://www.justdial.com/Hamirpur-Himachal-Pradesh/Dr-Satish-The-Childrens-Hospital-Gandhi-Chowk-Hamirpur-Near-Gandhi-Chowk-HAMIRPUR-Kohta/9999P1972-1972-231206171553-E4D6_BZDET?trkid=173-remotecity&term=Hosp&ncatid=10253670&area=&search=Best%20Hospitals%20in%20Hamirpur%20Himachal%20Pradesh&mncatname=Hospitals&abd_btn=&abd_heading=&bd=1&cat_b2b_flag=0&searchfrom=lst","data:image/svg+xml,%3csvg%20xmlns=%27http://www.w3.org/2000/svg%27%20version=%271.1%27%20width=%27220%27%20height=%27220%27/%3e","https://content.jdmagicbox.com/comp/hamirpur-himachal_pradesh/d6/9999p1972.1972.231206171553.e4d6/catalogue/the-children-s-hospital-kohta-hamirpur-himachal-pradesh-paediatricians-em1h313gwn-250.jpg?w=640&q=75","https://content.jdmagicbox.com/comp/hamirpur-himachal_pradesh/d6/9999p1972.1972.231206171553.e4d6/catalogue/the-children-s-hospital-gandhi-chowk-hamirpur-kohta-hamirpur-himachal-pradesh-paediatricians-7swiuu0bd0-250.jpg?w=640&q=75","data:image/svg+xml,%3csvg%20xmlns=%27http://www.w3.org/2000/svg%27%20version=%271.1%27%20width=%27220%27%20height=%27220%27/%3e","data:image/gif;base64,R0lGODlhAQABAIAAAAAAAP///yH5BAEAAAAALAAAAAABAAEAAAIBRAA7","data:image/svg+xml,%3csvg%20xmlns=%27http://www.w3.org/2000/svg%27%20version=%271.1%27%20width=%27220%27%20height=%27220%27/%3e","data:image/gif;base64,R0lGODlhAQABAIAAAAAAAP///yH5BAEAAAAALAAAAAABAAEAAAIBRAA7","data:image/svg+xml,%3csvg%20xmlns=%27http://www.w3.org/2000/svg%27%20version=%271.1%27%20width=%27220%27%20height=%27220%27/%3e","data:image/gif;base64,R0lGODlhAQABAIAAAAAAAP///yH5BAEAAAAALAAAAAABAAEAAAIBRAA7","+","5","More","Dr Satish The Children's Hospital Gandhi Chowk Hamirpur","5.0","9 Ratings","Near Gandhi Chowk HAMIRPUR Kohta, Hamirpur-Himachal Pradesh","Neonatal Nursing","Pediatric ENT Consultation","Pediatric Surgical Consultation","Show Number","WhatsApp","Send Enquiry","",""
"https://www.justdial.com/Hamirpur-Himachal-Pradesh/DrPatial-Dental-Hospital/9999P1972-1972-210322135157-N3W5_BZDET?trkid=173-remotecity&term=Hosp&ncatid=10253670&area=&search=Best%20Hospitals%20in%20Hamirpur%20Himachal%20Pradesh&mncatname=Hospitals&abd_btn=&abd_heading=&bd=1&cat_b2b_flag=0&searchfrom=lst","data:image/svg+xml,%3csvg%20xmlns=%27http://www.w3.org/2000/svg%27%20version=%271.1%27%20width=%27220%27%20height=%27220%27/%3e","https://content.jdmagicbox.com/comp/hamirpur-himachal_pradesh/w5/9999p1972.1972.210322135157.n3w5/catalogue/dr-patial-dental-hospital-hamirpur-himachal-pradesh-dentists-oq6j24s8vv-250.jpg?w=640&q=75","https://content.jdmagicbox.com/comp/hamirpur-himachal-pradesh/w5/9999p1972.1972.210322135157.n3w5/catalogue/dr-patial-dental-hospital-hamirpur-himachal-pradesh-dentists-e6dlnri264-250.jpg?w=640&q=75","data:image/svg+xml,%3csvg%20xmlns=%27http://www.w3.org/2000/svg%27%20version=%271.1%27%20width=%27220%27%20height=%27220%27/%3e","data:image/gif;base64,R0lGODlhAQABAIAAAAAAAP///yH5BAEAAAAALAAAAAABAAEAAAIBRAA7","data:image/svg+xml,%3csvg%20xmlns=%27http://www.w3.org/2000/svg%27%20version=%271.1%27%20width=%27220%27%20height=%27220%27/%3e","data:image/gif;base64,R0lGODlhAQABAIAAAAAAAP///yH5BAEAAAAALAAAAAABAAEAAAIBRAA7","data:image/svg+xml,%3csvg%20xmlns=%27http://www.w3.org/2000/svg%27%20version=%271.1%27%20width=%27220%27%20height=%27220%27/%3e","data:image/gif;base64,R0lGODlhAQABAIAAAAAAAP///yH5BAEAAAAALAAAAAABAAEAAAIBRAA7","+","78","More","Dr.Patial Dental Hospital","5.0","141 Ratings","Near CSD Canteeen Hamirpur, Hamirpur-Himachal Pradesh","Hospitals","","Book Appointment","Show Number","WhatsApp","","",""
"https://www.justdial.com/Hamirpur-Himachal-Pradesh/PARAM-HOSPITAL-Opposite-PWD-REST-HOUSE-Mehre/9999P1972-1972-240409110904-R4U5_BZDET?trkid=173-remotecity&term=Hosp&ncatid=10253670&area=&search=Best%20Hospitals%20in%20Hamirpur%20Himachal%20Pradesh&mncatname=Hospitals&abd_btn=&abd_heading=&bd=1&cat_b2b_flag=0&searchfrom=lst","data:image/svg+xml,%3csvg%20xmlns=%27http://www.w3.org/2000/svg%27%20version=%271.1%27%20width=%27220%27%20height=%27220%27/%3e","https://content.jdmagicbox.com/comp/hamirpur-himachal_pradesh/u5/9999p1972.1972.240409110904.r4u5/catalogue/qhwqqa1ye4qt8lo-svxiya0f5b-250.jpg?w=640&q=75","https://content.jdmagicbox.com/comp/hamirpur-himachal_pradesh/u5/9999p1972.1972.240409110904.r4u5/catalogue/param-hospital-mehre-hamirpur-himachal-pradesh-gynaecologist-and-obstetrician-doctors-bn1oga7ehw-250.jpg?w=640&q=75","data:image/svg+xml,%3csvg%20xmlns=%27http://www.w3.org/2000/svg%27%20version=%271.1%27%20width=%27220%27%20height=%27220%27/%3e","data:image/gif;base64,R0lGODlhAQABAIAAAAAAAP///yH5BAEAAAAALAAAAAABAAEAAAIBRAA7","data:image/svg+xml,%3csvg%20xmlns=%27http://www.w3.org/2000/svg%27%20version=%271.1%27%20width=%27220%27%20height=%27220%27/%3e","data:image/gif;base64,R0lGODlhAQABAIAAAAAAAP///yH5BAEAAAAALAAAAAABAAEAAAIBRAA7","data:image/svg+xml,%3csvg%20xmlns=%27http://www.w3.org/2000/svg%27%20version=%271.1%27%20width=%27220%27%20height=%27220%27/%3e","data:image/gif;base64,R0lGODlhAQABAIAAAAAAAP///yH5BAEAAAAALAAAAAABAAEAAAIBRAA7","+","6","More","PARAM HOSPITAL","3.3","84 Ratings","Bhakreri TEH BARSAR Mehre, Hamirpur-Himachal Pradesh","Ovarian Diseases","IUD (Intra Uterine Device) Placement","Neonatal Nursing","Show Number","WhatsApp","Send Enquiry","",""
"https://www.justdial.com/Hamirpur-Himachal-Pradesh/Awahdevi-Multispeciality-Hospital-VPO-Near-Post-Office-Tauni-Devi-Awah-Devi/9999P1972-1972-240510134017-N8G4_BZDET?trkid=173-remotecity&term=Hosp&ncatid=10253670&area=&search=Best%20Hospitals%20in%20Hamirpur%20Himachal%20Pradesh&mncatname=Hospitals&abd_btn=&abd_heading=&bd=1&cat_b2b_flag=0&searchfrom=lst","data:image/svg+xml,%3csvg%20xmlns=%27http://www.w3.org/2000/svg%27%20version=%271.1%27%20width=%27220%27%20height=%27220%27/%3e","https://content.jdmagicbox.com/v2/comp/hamirpur-himachal-pradesh/g4/9999p1972.1972.240510134017.n8g4/catalogue/awahdevi-multispeciality-hospital-awah-devi-hamirpur-himachal-pradesh-hospitals-1j7dnvvtgs-250.jpg?w=640&q=75","https://content.jdmagicbox.com/v2/comp/hamirpur-himachal-pradesh/g4/9999p1972.1972.240510134017.n8g4/catalogue/awahdevi-multispeciality-hospital-awah-devi-hamirpur-himachal-pradesh-hospitals-jqg5fxerzz-250.jpg?w=640&q=75","data:image/svg+xml,%3csvg%20xmlns=%27http://www.w3.org/2000/svg%27%20version=%271.1%27%20width=%27220%27%20height=%27220%27/%3e","data:image/gif;base64,R0lGODlhAQABAIAAAAAAAP///yH5BAEAAAAALAAAAAABAAEAAAIBRAA7","data:image/svg+xml,%3csvg%20xmlns=%27http://www.w3.org/2000/svg%27%20version=%271.1%27%20width=%27220%27%20height=%27220%27/%3e","data:image/gif;base64,R0lGODlhAQABAIAAAAAAAP///yH5BAEAAAAALAAAAAABAAEAAAIBRAA7","data:image/svg+xml,%3csvg%20xmlns=%27http://www.w3.org/2000/svg%27%20version=%271.1%27%20width=%27220%27%20height=%27220%27/%3e","data:image/gif;base64,R0lGODlhAQABAIAAAAAAAP///yH5BAEAAAAALAAAAAABAAEAAAIBRAA7","+","17","More","Awahdevi Multispeciality Hospital","5.0","541 Ratings","Awah Devi, Hamirpur-Himachal Pradesh","Hospitals","","","Show Number","WhatsApp","Send Enquiry","",""
"https://www.justdial.com/Hamirpur-Himachal-Pradesh/Bhota-Charitable-Hospital-Near-By-Bhota-Bazaar-Bhota/9999P1972-1972-140411150252-B4V6_BZDET?trkid=173-remotecity&term=Hosp&ncatid=10253670&area=&search=Best%20Hospitals%20in%20Hamirpur%20Himachal%20Pradesh&mncatname=Hospitals&abd_btn=&abd_heading=&bd=1&cat_b2b_flag=0&searchfrom=lst","data:image/svg+xml,%3csvg%20xmlns=%27http://www.w3.org/2000/svg%27%20version=%271.1%27%20width=%27220%27%20height=%27220%27/%3e","https://content.jdmagicbox.com/comp/hamirpur-himachal_pradesh/v6/9999p1972.1972.140411150252.b4v6/catalogue/bhota-charitable-hospital-bhota-hamirpur-himachal-pradesh-hospitals-fqoggf021m-250.jpg?clr=#333333?w=640&q=75","https://content.jdmagicbox.com/comp/hamirpur-himachal_pradesh/v6/9999p1972.1972.140411150252.b4v6/catalogue/bhota-charitable-hospital-bhota-hamirpur-himachal-pradesh-hospitals-0bbxr4fqyv-250.jpg?w=640&q=75","data:image/svg+xml,%3csvg%20xmlns=%27http://www.w3.org/2000/svg%27%20version=%271.1%27%20width=%27220%27%20height=%27220%27/%3e","data:image/gif;base64,R0lGODlhAQABAIAAAAAAAP///yH5BAEAAAAALAAAAAABAAEAAAIBRAA7","data:image/svg+xml,%3csvg%20xmlns=%27http://www.w3.org/2000/svg%27%20version=%271.1%27%20width=%27220%27%20height=%27220%27/%3e","data:image/gif;base64,R0lGODlhAQABAIAAAAAAAP///yH5BAEAAAAALAAAAAABAAEAAAIBRAA7","","","","","","Bhota Charitable Hospital","4.5","291 Ratings","Shimla Dharamshala Road Bhota, Hamirpur-Himachal Pradesh","Diseases In Pregnancy","","","Show Number","","Send Enquiry","",""
"https://www.justdial.com/Hamirpur-Himachal-Pradesh/Aastha-Hospital-Near-Pacca-BharoWardNo1-Krishana-Nagar-Hamirpur-H-O/9999P1972-1972-180111130313-T8G3_BZDET?trkid=173-remotecity&term=Hosp&ncatid=10253670&area=&search=Best%20Hospitals%20in%20Hamirpur%20Himachal%20Pradesh&mncatname=Hospitals&abd_btn=&abd_heading=&bd=1&cat_b2b_flag=0&searchfrom=lst","data:image/svg+xml,%3csvg%20xmlns=%27http://www.w3.org/2000/svg%27%20version=%271.1%27%20width=%27220%27%20height=%27220%27/%3e","https://content.jdmagicbox.com/comp/hamirpur-himachal_pradesh/g3/9999p1972.1972.180111130313.t8g3/catalogue/aastha-hospital-hamirpur-himachal-pradesh-0gnwqgzzip-250.jpg?w=640&q=75","https://content.jdmagicbox.com/comp/hamirpur-himachal-pradesh/g3/9999p1972.1972.180111130313.t8g3/catalogue/aastha-hospital-hamirpur-h-o-hamirpur-himachal-pradesh-hospitals-t6lqjvbr1w-250.jpg?w=640&q=75","data:image/svg+xml,%3csvg%20xmlns=%27http://www.w3.org/2000/svg%27%20version=%271.1%27%20width=%27220%27%20height=%27220%27/%3e","data:image/gif;base64,R0lGODlhAQABAIAAAAAAAP///yH5BAEAAAAALAAAAAABAAEAAAIBRAA7","data:image/svg+xml,%3csvg%20xmlns=%27http://www.w3.org/2000/svg%27%20version=%271.1%27%20width=%27220%27%20height=%27220%27/%3e","data:image/gif;base64,R0lGODlhAQABAIAAAAAAAP///yH5BAEAAAAALAAAAAABAAEAAAIBRAA7","data:image/svg+xml,%3csvg%20xmlns=%27http://www.w3.org/2000/svg%27%20version=%271.1%27%20width=%27220%27%20height=%27220%27/%3e","data:image/gif;base64,R0lGODlhAQABAIAAAAAAAP///yH5BAEAAAAALAAAAAABAAEAAAIBRAA7","+","38","More","Aastha Hospital","4.0","261 Ratings","Hamirpur H O, Hamirpur-Himachal Pradesh","Diagnostic And Pathology","Obstetrics Problems","Animal Diseases","Show Number","WhatsApp","Send Enquiry","",""
"https://www.justdial.com/Hamirpur-Himachal-Pradesh/Cityheart-Superspeciality-Hospital-Near-PWD-Rest-House-Near-Kizie-Supermarket-Barsar/9999P1972-1972-210628114540-K2Q5_BZDET?trkid=173-remotecity&term=Hosp&ncatid=10253670&area=&search=Best%20Hospitals%20in%20Hamirpur%20Himachal%20Pradesh&mncatname=Hospitals&abd_btn=&abd_heading=&bd=1&cat_b2b_flag=0&searchfrom=lst","data:image/svg+xml,%3csvg%20xmlns=%27http://www.w3.org/2000/svg%27%20version=%271.1%27%20width=%27220%27%20height=%27220%27/%3e","https://content.jdmagicbox.com/comp/hamirpur-himachal-pradesh/q5/9999p1972.1972.210628114540.k2q5/catalogue/cityheart-superspeciality-hospital-barsar-hamirpur-himachal-pradesh-private-hospitals-03z8vf3ctj-250.jpg?w=640&q=75","https://content.jdmagicbox.com/comp/hamirpur-himachal-pradesh/q5/9999p1972.1972.210628114540.k2q5/catalogue/cityheart-superspeciality-hospital-barsar-hamirpur-himachal-pradesh-private-hospitals-6gclpcvb3x-250.jpg?w=640&q=75","data:image/svg+xml,%3csvg%20xmlns=%27http://www.w3.org/2000/svg%27%20version=%271.1%27%20width=%27220%27%20height=%27220%27/%3e","data:image/gif;base64,R0lGODlhAQABAIAAAAAAAP///yH5BAEAAAAALAAAAAABAAEAAAIBRAA7","data:image/svg+xml,%3csvg%20xmlns=%27http://www.w3.org/2000/svg%27%20version=%271.1%27%20width=%27220%27%20height=%27220%27/%3e","data:image/gif;base64,R0lGODlhAQABAIAAAAAAAP///yH5BAEAAAAALAAAAAABAAEAAAIBRAA7","data:image/svg+xml,%3csvg%20xmlns=%27http://www.w3.org/2000/svg%27%20version=%271.1%27%20width=%27220%27%20height=%27220%27/%3e","data:image/gif;base64,R0lGODlhAQABAIAAAAAAAP///yH5BAEAAAAALAAAAAABAAEAAAIBRAA7","+","166","More","Cityheart Superspeciality Hospital","4.2","236 Ratings","Daya Mehre Rd Barsar, Hamirpur-Himachal Pradesh","Hospitals","","","Show Number","WhatsApp","Send Enquiry","",""
"https://www.justdial.com/Hamirpur-Himachal-Pradesh/Radha-Soami-Satsang-Beas-Bhota/9999P1972-1972-170605153857-P9Z5_BZDET?trkid=173-remotecity&term=Hosp&ncatid=10253670&area=&search=Best%20Hospitals%20in%20Hamirpur%20Himachal%20Pradesh&mncatname=Hospitals&abd_btn=&abd_heading=&bd=1&cat_b2b_flag=0&searchfrom=lst","data:image/svg+xml,%3csvg%20xmlns=%27http://www.w3.org/2000/svg%27%20version=%271.1%27%20width=%27220%27%20height=%27220%27/%3e","https://content.jdmagicbox.com/comp/hamirpur-himachal-pradesh/z5/9999p1972.1972.170605153857.p9z5/catalogue/radha-soami-satsang-beas-bhota-hamirpur-himachal-pradesh-charitable-hospitals-1kjcv9mz91-250.jpg?clr=#49491d?w=640&q=75","https://content.jdmagicbox.com/comp/hamirpur-himachal-pradesh/z5/9999p1972.1972.170605153857.p9z5/catalogue/radha-soami-satsang-beas-bhota-hamirpur-himachal-pradesh-charitable-hospitals-5gmt4odvnj-250.jpg?w=640&q=75","data:image/svg+xml,%3csvg%20xmlns=%27http://www.w3.org/2000/svg%27%20version=%271.1%27%20width=%27220%27%20height=%27220%27/%3e","data:image/gif;base64,R0lGODlhAQABAIAAAAAAAP///yH5BAEAAAAALAAAAAABAAEAAAIBRAA7","data:image/svg+xml,%3csvg%20xmlns=%27http://www.w3.org/2000/svg%27%20version=%271.1%27%20width=%27220%27%20height=%27220%27/%3e","data:image/gif;base64,R0lGODlhAQABAIAAAAAAAP///yH5BAEAAAAALAAAAAABAAEAAAIBRAA7","data:image/svg+xml,%3csvg%20xmlns=%27http://www.w3.org/2000/svg%27%20version=%271.1%27%20width=%27220%27%20height=%27220%27/%3e","data:image/gif;base64,R0lGODlhAQABAIAAAAAAAP///yH5BAEAAAAALAAAAAABAAEAAAIBRAA7","+","3","More","Radha Soami Satsang Beas","4.5","129 Ratings","- Nerchowk road Bhota, Hamirpur-Himachal Pradesh","Hospitals","Charitable Hospitals","","Show Number","WhatsApp","Send Enquiry","",""
"https://www.justdial.com/Hamirpur-Himachal-Pradesh/Ayushman-Hospital-Nadaun/9999P1972-1972-250128121959-V7F2_BZDET?trkid=173-remotecity&term=Hosp&ncatid=10253670&area=&search=Best%20Hospitals%20in%20Hamirpur%20Himachal%20Pradesh&mncatname=Hospitals&abd_btn=&abd_heading=&bd=1&cat_b2b_flag=0&searchfrom=lst","","","","","","","","","","","","","Ayushman Hospital","4.4","117 Ratings","Hospital Road Nadaun, Hamirpur-Himachal Pradesh","Hospitals","","","","","Send Enquiry","","https://images.jdmagicbox.com/comp/def_content/nursing-institutes/5-nursing-institutes-8-e2n29-250.jpg?w=3840&q=75"
"https://www.justdial.com/Hamirpur-Himachal-Pradesh/Parvati-Hospital-Village-Dasmal-Dimmi/9999P1972-1972-180530080541-I5X3_BZDET?trkid=173-remotecity&term=Hosp&ncatid=10253670&area=&search=Best%20Hospitals%20in%20Hamirpur%20Himachal%20Pradesh&mncatname=Hospitals&abd_btn=&abd_heading=&bd=1&cat_b2b_flag=0&searchfrom=lst","data:image/svg+xml,%3csvg%20xmlns=%27http://www.w3.org/2000/svg%27%20version=%271.1%27%20width=%27220%27%20height=%27220%27/%3e","https://content.jdmagicbox.com/comp/hamirpur-himachal_pradesh/x3/9999p1972.1972.180530080541.i5x3/catalogue/parvati-hospital-hamirpur-himachal-pradesh-0pwltcaoz3-250.jpg?w=640&q=75","https://content.jdmagicbox.com/comp/hamirpur-himachal-pradesh/x3/9999p1972.1972.180530080541.i5x3/catalogue/parvati-hospital-dimmi-hamirpur-himachal-pradesh-infertility-hospitals-aqmn4svbmn-250.jpg?w=640&q=75","data:image/svg+xml,%3csvg%20xmlns=%27http://www.w3.org/2000/svg%27%20version=%271.1%27%20width=%27220%27%20height=%27220%27/%3e","data:image/gif;base64,R0lGODlhAQABAIAAAAAAAP///yH5BAEAAAAALAAAAAABAAEAAAIBRAA7","data:image/svg+xml,%3csvg%20xmlns=%27http://www.w3.org/2000/svg%27%20version=%271.1%27%20width=%27220%27%20height=%27220%27/%3e","data:image/gif;base64,R0lGODlhAQABAIAAAAAAAP///yH5BAEAAAAALAAAAAABAAEAAAIBRAA7","data:image/svg+xml,%3csvg%20xmlns=%27http://www.w3.org/2000/svg%27%20version=%271.1%27%20width=%27220%27%20height=%27220%27/%3e","data:image/gif;base64,R0lGODlhAQABAIAAAAAAAP///yH5BAEAAAAALAAAAAABAAEAAAIBRAA7","+","37","More","Parvati Hospital","3.9","104 Ratings","Dimmi, Hamirpur-Himachal Pradesh","Infertility Hospitals","Hospitals","","Show Number","WhatsApp","Send Enquiry","",""
"https://www.justdial.com/Hamirpur-Himachal-Pradesh/Gautam-Hospital-Ano-Rectal-Kshar-Sutra-Centre-Next-Hdfc-Bank-NEAR-RADHA-SWAMI-DERA-Hamirpur-H-O/9999P1972-1972-190408160958-L3Y7_BZDET?trkid=173-remotecity&term=Hosp&ncatid=10253670&area=&search=Best%20Hospitals%20in%20Hamirpur%20Himachal%20Pradesh&mncatname=Hospitals&abd_btn=&abd_heading=&bd=1&cat_b2b_flag=0&searchfrom=lst","data:image/svg+xml,%3csvg%20xmlns=%27http://www.w3.org/2000/svg%27%20version=%271.1%27%20width=%27220%27%20height=%27220%27/%3e","https://content.jdmagicbox.com/comp/hamirpur-himachal_pradesh/y7/9999p1972.1972.190408160958.l3y7/catalogue/gautam-hospital-and-ano-rectal-kshar-sutra-centre-near-radha-swami-satsang-ghar-nangal-road-una-h-p-hamirpur-h-o-hamirpur-himachal-pradesh-piles-doctors-sfkvauene5-250.jpg?w=640&q=75","https://content.jdmagicbox.com/v2/comp/hamirpur-himachal-pradesh/y7/9999p1972.1972.190408160958.l3y7/catalogue/gautam-hospital-and-ano-rectal-kshar-sutra-centre-hamirpur-h-o-hamirpur-himachal-pradesh-hospitals-rp8sz1ca8s-250.jpg?w=640&q=75","data:image/svg+xml,%3csvg%20xmlns=%27http://www.w3.org/2000/svg%27%20version=%271.1%27%20width=%27220%27%20height=%27220%27/%3e","data:image/gif;base64,R0lGODlhAQABAIAAAAAAAP///yH5BAEAAAAALAAAAAABAAEAAAIBRAA7","data:image/svg+xml,%3csvg%20xmlns=%27http://www.w3.org/2000/svg%27%20version=%271.1%27%20width=%27220%27%20height=%27220%27/%3e","data:image/gif;base64,R0lGODlhAQABAIAAAAAAAP///yH5BAEAAAAALAAAAAABAAEAAAIBRAA7","data:image/svg+xml,%3csvg%20xmlns=%27http://www.w3.org/2000/svg%27%20version=%271.1%27%20width=%27220%27%20height=%27220%27/%3e","data:image/gif;base64,R0lGODlhAQABAIAAAAAAAP///yH5BAEAAAAALAAAAAABAAEAAAIBRAA7","+","16","More","Gautam Hospital & Ano Rectal Kshar Sutra Centre","4.7","73 Ratings","Nangal Road Hamirpur H O, Hamirpur-Himachal Pradesh","Animal Diseases","","","Show Number","WhatsApp","Send Enquiry","",""
"https://www.justdial.com/Hamirpur-Himachal-Pradesh/Rk-Hospital-Near-Captain-Amol-Kalia-Park-Near-Hathli-Bridge-Kohta/9999P1972-1972-180330052407-F2Z1_BZDET?trkid=173-remotecity&term=Hosp&ncatid=10253670&area=&search=Best%20Hospitals%20in%20Hamirpur%20Himachal%20Pradesh&mncatname=Hospitals&abd_btn=&abd_heading=&bd=1&cat_b2b_flag=0&searchfrom=lst","data:image/svg+xml,%3csvg%20xmlns=%27http://www.w3.org/2000/svg%27%20version=%271.1%27%20width=%27220%27%20height=%27220%27/%3e","https://content.jdmagicbox.com/v2/comp/hamirpur-himachal-pradesh/z1/9999p1972.1972.180330052407.f2z1/catalogue/rk-hospital-kohta-hamirpur-himachal-pradesh-hospitals-oxwyvjqv1g-250.jpg?w=640&q=75","https://content.jdmagicbox.com/v2/comp/hamirpur-himachal-pradesh/z1/9999p1972.1972.180330052407.f2z1/catalogue/rk-hospital-kohta-hamirpur-himachal-pradesh-hospitals-ufkav7iir8-250.jpg?w=640&q=75","data:image/svg+xml,%3csvg%20xmlns=%27http://www.w3.org/2000/svg%27%20version=%271.1%27%20width=%27220%27%20height=%27220%27/%3e","data:image/gif;base64,R0lGODlhAQABAIAAAAAAAP///yH5BAEAAAAALAAAAAABAAEAAAIBRAA7","data:image/svg+xml,%3csvg%20xmlns=%27http://www.w3.org/2000/svg%27%20version=%271.1%27%20width=%27220%27%20height=%27220%27/%3e","data:image/gif;base64,R0lGODlhAQABAIAAAAAAAP///yH5BAEAAAAALAAAAAABAAEAAAIBRAA7","data:image/svg+xml,%3csvg%20xmlns=%27http://www.w3.org/2000/svg%27%20version=%271.1%27%20width=%27220%27%20height=%27220%27/%3e","data:image/gif;base64,R0lGODlhAQABAIAAAAAAAP///yH5BAEAAAAALAAAAAABAAEAAAIBRAA7","+","3","More","Rk Hospital","4.6","59 Ratings","Bhota Chownk Hamirpur Kohta, Hamirpur-Himachal Pradesh","Hospitals","","","Show Number","WhatsApp","Send Enquiry","",""
"https://www.justdial.com/Hamirpur-Himachal-Pradesh/Himachal-Head-Neck-Hospital-Opposite-to-Goverment-Hospital/9999P1972-1972-220728160143-D5Y7_BZDET?trkid=173-remotecity&term=Hosp&ncatid=10253670&area=&search=Best%20Hospitals%20in%20Hamirpur%20Himachal%20Pradesh&mncatname=Hospitals&abd_btn=&abd_heading=&bd=1&cat_b2b_flag=0&searchfrom=lst","data:image/svg+xml,%3csvg%20xmlns=%27http://www.w3.org/2000/svg%27%20version=%271.1%27%20width=%27220%27%20height=%27220%27/%3e","https://content.jdmagicbox.com/v2/comp/hamirpur-himachal-pradesh/y7/9999p1972.1972.220728160143.d5y7/catalogue/himachal-head-neck-hospital-hamirpur-himachal-pradesh-hospitals-39hh00puz6-250.jpg?w=640&q=75","https://content.jdmagicbox.com/v2/comp/hamirpur-himachal-pradesh/y7/9999p1972.1972.220728160143.d5y7/catalogue/himachal-head-neck-hospital-hamirpur-himachal-pradesh-hospitals-352c6zbyfe-250.jpg?w=640&q=75","","","","","","","","","","Himachal Head Neck Hospital","3.9","48 Ratings","","Hospitals","","","Show Number","WhatsApp","Send Enquiry","",""
"https://www.justdial.com/Hamirpur-Himachal-Pradesh/Gloda-Hospital-Agriculture-Colony/9999P1972-1972-221219024038-T7L2_BZDET?trkid=173-remotecity&term=Hosp&ncatid=10253670&area=&search=Best%20Hospitals%20in%20Hamirpur%20Himachal%20Pradesh&mncatname=Hospitals&abd_btn=&abd_heading=&bd=1&cat_b2b_flag=0&searchfrom=lst","","","","","","","","","","","","","Gloda Hospital","3.6","40 Ratings","Agriculture Colony, Hamirpur-Himachal Pradesh","Hospitals","","","Show Number","","Send Enquiry","","https://images.jdmagicbox.com/comp/def_content/hospitals/default-hospitals-3-250.jpg?w=3840&q=75"
"https://www.justdial.com/Hamirpur-Himachal-Pradesh/Ayurvedic-Hospital-Hamirpur-Kohta/9999P1972-1972-171226073553-I6V3_BZDET?trkid=173-remotecity&term=Hosp&ncatid=10253670&area=&search=Best%20Hospitals%20in%20Hamirpur%20Himachal%20Pradesh&mncatname=Hospitals&abd_btn=&abd_heading=&bd=1&cat_b2b_flag=0&searchfrom=lst","data:image/svg+xml,%3csvg%20xmlns=%27http://www.w3.org/2000/svg%27%20version=%271.1%27%20width=%27220%27%20height=%27220%27/%3e","https://content.jdmagicbox.com/comp/hamirpur-himachal-pradesh/v3/9999p1972.1972.171226073553.i6v3/catalogue/ayurvedic-hospital-hamirpur-kohta-hamirpur-himachal-pradesh-hospitals-b2q3j39f5e-250.jpg?w=640&q=75","https://content.jdmagicbox.com/comp/hamirpur-himachal-pradesh/v3/9999p1972.1972.171226073553.i6v3/catalogue/ayurvedic-hospital-hamirpur-kohta-hamirpur-himachal-pradesh-hospitals-o889jz56bw-250.jpg?w=640&q=75","","","","","","","","","","Ayurvedic Hospital Hamirpur","4.3","26 Ratings","Shimlakangra Road Kohta, Hamirpur-Himachal Pradesh","Hospitals","Ayurvedic Medicine Retailers For Menstrual Disorder","","Show Number","","Send Enquiry","",""
"https://www.justdial.com/Hamirpur-Himachal-Pradesh/City-Heart-Super-Speciality-Cardio-Hospital-Barsar/9999P1972-1972-230717200652-J2E5_BZDET?trkid=173-remotecity&term=Hosp&ncatid=10253670&area=&search=Best%20Hospitals%20in%20Hamirpur%20Himachal%20Pradesh&mncatname=Hospitals&abd_btn=&abd_heading=&bd=1&cat_b2b_flag=0&searchfrom=lst","data:image/svg+xml,%3csvg%20xmlns=%27http://www.w3.org/2000/svg%27%20version=%271.1%27%20width=%27220%27%20height=%27220%27/%3e","https://content.jdmagicbox.com/v2/comp/hamirpur-himachal_pradesh/e5/9999p1972.1972.230717200652.j2e5/catalogue/city-heart-super-speciality-cardio-hospital-barsar-hamirpur-himachal-pradesh-health-care-consultants-1nbpfscgpn-250.jpg?w=640&q=75","https://content.jdmagicbox.com/v2/comp/hamirpur-himachal_pradesh/e5/9999p1972.1972.230717200652.j2e5/catalogue/city-heart-super-speciality-cardio-hospital-barsar-hamirpur-himachal-pradesh-health-care-consultants-z88n47se4n-250.jpg?w=640&q=75","data:image/svg+xml,%3csvg%20xmlns=%27http://www.w3.org/2000/svg%27%20version=%271.1%27%20width=%27220%27%20height=%27220%27/%3e","data:image/gif;base64,R0lGODlhAQABAIAAAAAAAP///yH5BAEAAAAALAAAAAABAAEAAAIBRAA7","data:image/svg+xml,%3csvg%20xmlns=%27http://www.w3.org/2000/svg%27%20version=%271.1%27%20width=%27220%27%20height=%27220%27/%3e","data:image/gif;base64,R0lGODlhAQABAIAAAAAAAP///yH5BAEAAAAALAAAAAABAAEAAAIBRAA7","data:image/svg+xml,%3csvg%20xmlns=%27http://www.w3.org/2000/svg%27%20version=%271.1%27%20width=%27220%27%20height=%27220%27/%3e","data:image/gif;base64,R0lGODlhAQABAIAAAAAAAP///yH5BAEAAAAALAAAAAABAAEAAAIBRAA7","+","89","More","City Heart Super Speciality Cardio Hospital","4.2","25 Ratings","Una Hamirpur Road Barsar, Hamirpur-Himachal Pradesh","Hospitals","","","Show Number","WhatsApp","Send Enquiry","",""
"https://www.justdial.com/Hamirpur-Himachal-Pradesh/Civil-Hospital-Tauni-Devi/9999P1972-1972-171230183818-K6T2_BZDET?trkid=173-remotecity&term=Hosp&ncatid=10253670&area=&search=Best%20Hospitals%20in%20Hamirpur%20Himachal%20Pradesh&mncatname=Hospitals&abd_btn=&abd_heading=&bd=1&cat_b2b_flag=0&searchfrom=lst","","","","","","","","","","","","","Civil Hospital","2.9","32 Ratings","National Highway 70 Tauni Devi, Hamirpur-Himachal Pradesh","Hospitals","Public Hospitals","","Show Number","WhatsApp","Send Enquiry","","https://images.jdmagicbox.com/comp/hamirpur-himachal-pradesh/t2/9999p1972.1972.171230183818.k6t2/catalogue/civil-hospital-tauni-devi-hamirpur-himachal-pradesh-hospitals-c8ctrgprda-250.jpg?w=3840&q=75"
"https://www.justdial.com/Hamirpur-Himachal-Pradesh/Sri-Krishna-Hospital-Near-Bus-Stand-Hamirpur-H-O/9999P5282-5282-110328161120-N8Q1_BZDET?trkid=173-remotecity&term=Hosp&ncatid=10253670&area=&search=Best%20Hospitals%20in%20Hamirpur%20Himachal%20Pradesh&mncatname=Hospitals&abd_btn=&abd_heading=&bd=1&cat_b2b_flag=0&searchfrom=lst","","","","","","","","","","","","","Sri Krishna Hospital","3.8","21 Ratings","Main Bazaar Hamirpur H O, Hamirpur-Himachal Pradesh","Pediatric Surgical Consultation","Contact Lens Prescription","Ophthalmic Surgical Consultation","Show Number","WhatsApp","Send Enquiry","","https://images.jdmagicbox.com/comp/def_content/paediatricians/default-paediatricians-6-250.jpg?w=3840&q=75"
"https://www.justdial.com/Hamirpur-Himachal-Pradesh/Soni-Eye-Hospital-Near-Truck-Union-Krishna-Nagar/9999P1972-1972-180112120634-X9X5_BZDET?trkid=173-remotecity&term=Hosp&ncatid=10253670&area=&search=Best%20Hospitals%20in%20Hamirpur%20Himachal%20Pradesh&mncatname=Hospitals&abd_btn=&abd_heading=&bd=1&cat_b2b_flag=0&searchfrom=lst","data:image/svg+xml,%3csvg%20xmlns=%27http://www.w3.org/2000/svg%27%20version=%271.1%27%20width=%27220%27%20height=%27220%27/%3e","https://content.jdmagicbox.com/comp/hamirpur-himachal_pradesh/x5/9999p1972.1972.180112120634.x9x5/catalogue/soni-eye-hospital-hamirpur-himachal-pradesh-eye-hospitals-17s2p-250.jpg?w=640&q=75","https://content.jdmagicbox.com/comp/hamirpur-himachal_pradesh/x5/9999p1972.1972.180112120634.x9x5/catalogue/soni-eye-hospital-hamirpur-himachal-pradesh-eye-hospitals-417mxa17oq-250.jpg?w=640&q=75","data:image/svg+xml,%3csvg%20xmlns=%27http://www.w3.org/2000/svg%27%20version=%271.1%27%20width=%27220%27%20height=%27220%27/%3e","data:image/gif;base64,R0lGODlhAQABAIAAAAAAAP///yH5BAEAAAAALAAAAAABAAEAAAIBRAA7","data:image/svg+xml,%3csvg%20xmlns=%27http://www.w3.org/2000/svg%27%20version=%271.1%27%20width=%27220%27%20height=%27220%27/%3e","data:image/gif;base64,R0lGODlhAQABAIAAAAAAAP///yH5BAEAAAAALAAAAAABAAEAAAIBRAA7","data:image/svg+xml,%3csvg%20xmlns=%27http://www.w3.org/2000/svg%27%20version=%271.1%27%20width=%27220%27%20height=%27220%27/%3e","data:image/gif;base64,R0lGODlhAQABAIAAAAAAAP///yH5BAEAAAAALAAAAAABAAEAAAIBRAA7","+","4","More","Soni Eye Hospital","3.8","20 Ratings","Nagar Hamirpur Krishna Nagar, Hamirpur-Himachal Pradesh","Ophthalmic Surgical Consultation","","","Show Number","WhatsApp","Send Enquiry","",""
"https://www.justdial.com/Hamirpur-Himachal-Pradesh/Government-Hospital-Bhota/9999P1972-1972-180627013307-F6F4_BZDET?trkid=173-remotecity&term=Hosp&ncatid=10253670&area=&search=Best%20Hospitals%20in%20Hamirpur%20Himachal%20Pradesh&mncatname=Hospitals&abd_btn=&abd_heading=&bd=1&cat_b2b_flag=0&searchfrom=lst","data:image/svg+xml,%3csvg%20xmlns=%27http://www.w3.org/2000/svg%27%20version=%271.1%27%20width=%27220%27%20height=%27220%27/%3e","https://content.jdmagicbox.com/comp/hamirpur-himachal_pradesh/f4/9999p1972.1972.180627013307.f6f4/catalogue/government-hospital-bhota-hamirpur-himachal-pradesh-hospitals-dBK9TnozSW-250.jpg?w=640&q=75","https://content.jdmagicbox.com/comp/hamirpur-himachal_pradesh/f4/9999p1972.1972.180627013307.f6f4/catalogue/government-hospital-bhota-hamirpur-himachal-pradesh-hospitals-R9YFIVPDQn-250.jpg?w=640&q=75","data:image/svg+xml,%3csvg%20xmlns=%27http://www.w3.org/2000/svg%27%20version=%271.1%27%20width=%27220%27%20height=%27220%27/%3e","data:image/gif;base64,R0lGODlhAQABAIAAAAAAAP///yH5BAEAAAAALAAAAAABAAEAAAIBRAA7","data:image/svg+xml,%3csvg%20xmlns=%27http://www.w3.org/2000/svg%27%20version=%271.1%27%20width=%27220%27%20height=%27220%27/%3e","data:image/gif;base64,R0lGODlhAQABAIAAAAAAAP///yH5BAEAAAAALAAAAAABAAEAAAIBRAA7","data:image/svg+xml,%3csvg%20xmlns=%27http://www.w3.org/2000/svg%27%20version=%271.1%27%20width=%27220%27%20height=%27220%27/%3e","data:image/gif;base64,R0lGODlhAQABAIAAAAAAAP///yH5BAEAAAAALAAAAAABAAEAAAIBRAA7","+","3","More","Government Hospital","3.2","21 Ratings","Bhota, Hamirpur-Himachal Pradesh","Hospitals","","","Show Number","","Send Enquiry","",""
"https://www.justdial.com/Hamirpur-Himachal-Pradesh/Roshani-Hospital-Mehre/9999P1972-1972-140310140122-N9N8_BZDET?trkid=173-remotecity&term=Hosp&ncatid=10253670&area=&search=Best%20Hospitals%20in%20Hamirpur%20Himachal%20Pradesh&mncatname=Hospitals&abd_btn=&abd_heading=&bd=1&cat_b2b_flag=0&searchfrom=lst","data:image/svg+xml,%3csvg%20xmlns=%27http://www.w3.org/2000/svg%27%20version=%271.1%27%20width=%27220%27%20height=%27220%27/%3e","https://content.jdmagicbox.com/comp/hamirpur-himachal_pradesh/n8/9999p1972.1972.140310140122.n9n8/catalogue/roshani-hospital-mehre-hamirpur-himachal-pradesh-hospitals-20mq29h3jp-250.jpg?w=640&q=75","https://content.jdmagicbox.com/comp/hamirpur-himachal-pradesh/n8/9999p1972.1972.140310140122.n9n8/catalogue/roshani-hospital-mehre-hamirpur-himachal-pradesh-hospitals-98zsvuxma8-250.jpg?w=640&q=75","data:image/svg+xml,%3csvg%20xmlns=%27http://www.w3.org/2000/svg%27%20version=%271.1%27%20width=%27220%27%20height=%27220%27/%3e","data:image/gif;base64,R0lGODlhAQABAIAAAAAAAP///yH5BAEAAAAALAAAAAABAAEAAAIBRAA7","data:image/svg+xml,%3csvg%20xmlns=%27http://www.w3.org/2000/svg%27%20version=%271.1%27%20width=%27220%27%20height=%27220%27/%3e","data:image/gif;base64,R0lGODlhAQABAIAAAAAAAP///yH5BAEAAAAALAAAAAABAAEAAAIBRAA7","data:image/svg+xml,%3csvg%20xmlns=%27http://www.w3.org/2000/svg%27%20version=%271.1%27%20width=%27220%27%20height=%27220%27/%3e","data:image/gif;base64,R0lGODlhAQABAIAAAAAAAP///yH5BAEAAAAALAAAAAABAAEAAAIBRAA7","+","18","More","Roshani Hospital","4.2","14 Ratings","Mehre, Hamirpur-Himachal Pradesh","Hospitals","Private Hospitals","","Show Number","WhatsApp","Send Enquiry","",""
"https://www.justdial.com/Hamirpur-Himachal-Pradesh/Sanjeevni-Hospital-Nadaun/9999P1972-1972-171231044550-W8E3_BZDET?trkid=173-remotecity&term=Hosp&ncatid=10253670&area=&search=Best%20Hospitals%20in%20Hamirpur%20Himachal%20Pradesh&mncatname=Hospitals&abd_btn=&abd_heading=&bd=1&cat_b2b_flag=0&searchfrom=lst","data:image/svg+xml,%3csvg%20xmlns=%27http://www.w3.org/2000/svg%27%20version=%271.1%27%20width=%27220%27%20height=%27220%27/%3e","https://content.jdmagicbox.com/comp/hamirpur-himachal_pradesh/e3/9999p1972.1972.171231044550.w8e3/catalogue/sanjeevni-hospital-nadaun-hamirpur-himachal-pradesh-hospitals-hAL5fZG4LK-250.jpg?w=640&q=75","https://content.jdmagicbox.com/comp/service_catalogue/hospitals-attr-lip-augmentation-hos817-2-250.jpg?w=640&q=75","","","","","","","","","","Sanjeevni Hospital","3.5","15 Ratings","Hospital Road Nadaun, Hamirpur-Himachal Pradesh","Hospitals","","","Show Number","WhatsApp","Send Enquiry","",""
"https://www.justdial.com/Hamirpur-Himachal-Pradesh/Thakur-Surgical-Maternity-Nursing-Home-Hamirpur-H-O/9999P1972-1972-140729130417-B1J5_BZDET?trkid=173-remotecity&term=Hosp&ncatid=10253670&area=&search=Best%20Hospitals%20in%20Hamirpur%20Himachal%20Pradesh&mncatname=Hospitals&abd_btn=&abd_heading=&bd=1&cat_b2b_flag=0&searchfrom=lst","","","","","","","","","","","","","Thakur Surgical Maternity Nursing Home","3.4","14 Ratings","Shimla-Kangra road Hamirpur H O, Hamirpur-Himachal Pradesh","Hospitals","Maternity Hospitals","","Show Number","","Send Enquiry","","https://images.jdmagicbox.com/comp/def_content/gynaecologist_and_obstetrician_doctors/default-gynaecologist-and-obstetrician-doctors-13-250.jpg?w=3840&q=75"
"https://www.justdial.com/Hamirpur-Himachal-Pradesh/Thakur-Nursing-Home--Bhakreri-Barsar/9999P1972-1972-190910213303-E5W7_BZDET?trkid=173-remotecity&term=Hosp&ncatid=10253670&area=&search=Best%20Hospitals%20in%20Hamirpur%20Himachal%20Pradesh&mncatname=Hospitals&abd_btn=&abd_heading=&bd=1&cat_b2b_flag=0&searchfrom=lst","","","","","","","","","","","","","Thakur Nursing Home","3.1","15 Ratings","Barsar, Hamirpur-Himachal Pradesh","Hospitals","PMJAY Covid Vaccination Centres","","Show Number","WhatsApp","Send Enquiry","","https://images.jdmagicbox.com/v2/comp/hamirpur-himachal_pradesh/w7/9999p1972.1972.190910213303.e5w7/catalogue/thakur-nursing-home-barsar-hamirpur-himachal-pradesh-hospitals-dpSPHGSE6n-250.jpg?w=3840&q=75"
"https://www.justdial.com/Hamirpur-Himachal-Pradesh/Bhagwati-Hospital-Nadaun/9999P1972-1972-170930170610-V6S5_BZDET?trkid=173-remotecity&term=Hosp&ncatid=10253670&area=&search=Best%20Hospitals%20in%20Hamirpur%20Himachal%20Pradesh&mncatname=Hospitals&abd_btn=&abd_heading=&bd=1&cat_b2b_flag=0&searchfrom=lst","data:image/svg+xml,%3csvg%20xmlns=%27http://www.w3.org/2000/svg%27%20version=%271.1%27%20width=%27220%27%20height=%27220%27/%3e","https://content.jdmagicbox.com/comp/hamirpur-himachal_pradesh/s5/9999p1972.1972.170930170610.v6s5/catalogue/bhagwati-hospital-hamirpur-himachal-pradesh-hv5co-250.jpg?w=640&q=75","https://content.jdmagicbox.com/comp/hamirpur-himachal_pradesh/s5/9999p1972.1972.170930170610.v6s5/catalogue/bhagwati-hospital-hamirpur-himachal-pradesh-2ha6o-250.jpg?w=640&q=75","data:image/svg+xml,%3csvg%20xmlns=%27http://www.w3.org/2000/svg%27%20version=%271.1%27%20width=%27220%27%20height=%27220%27/%3e","data:image/gif;base64,R0lGODlhAQABAIAAAAAAAP///yH5BAEAAAAALAAAAAABAAEAAAIBRAA7","data:image/svg+xml,%3csvg%20xmlns=%27http://www.w3.org/2000/svg%27%20version=%271.1%27%20width=%27220%27%20height=%27220%27/%3e","data:image/gif;base64,R0lGODlhAQABAIAAAAAAAP///yH5BAEAAAAALAAAAAABAAEAAAIBRAA7","","","","","","Bhagwati Hospital","4.2","10 Ratings","Hospital Road Nadaun, Hamirpur-Himachal Pradesh","Children Hospitals","Hospitals","","Show Number","WhatsApp","Send Enquiry","",""
"https://www.justdial.com/Hamirpur-Himachal-Pradesh/Thakur-Surgical-Maternity-Nursing-Home-Hamirpur-H-O/9999P1972-1972-110420145859-M6H8_BZDET?trkid=173-remotecity&term=Hosp&ncatid=10253670&area=&search=Best%20Hospitals%20in%20Hamirpur%20Himachal%20Pradesh&mncatname=Hospitals&abd_btn=&abd_heading=&bd=1&cat_b2b_flag=0&searchfrom=lst","","","","","","","","","","","","","Thakur Surgical & Maternity Nursing Home","3.8","9 Ratings","Local Ward No-8 Hamirpur H O, Hamirpur-Himachal Pradesh","Hospitals","Maternity Hospitals","","Show Number","","Send Enquiry","","https://images.jdmagicbox.com/comp/def_content/nursing-institutes/shutterstock-1473196994-nursing-institutes-3-jpxg3-250.jpg?w=3840&q=75"
"https://www.justdial.com/Hamirpur-Himachal-Pradesh/Ganga-Ram-Hospital-Near-Dimmi-Post-Office-Nadaun/9999P1972-1972-131001153551-M6R9_BZDET?trkid=173-remotecity&term=Hosp&ncatid=10253670&area=&search=Best%20Hospitals%20in%20Hamirpur%20Himachal%20Pradesh&mncatname=Hospitals&abd_btn=&abd_heading=&bd=1&cat_b2b_flag=0&searchfrom=lst","","","","","","","","","","","","","Ganga Ram Hospital","4.1","8 Ratings","Main Road Nadaun, Hamirpur-Himachal Pradesh","Hospitals","Private Hospitals","","Show Number","","Send Enquiry","","https://images.jdmagicbox.com/comp/hamirpur-himachal_pradesh/r9/9999p1972.1972.131001153551.m6r9/catalogue/ganga-ram-hospital-nadaun-hamirpur-himachal-pradesh-private-hospitals-9z6h0tq0i3-250.jpg?w=3840&q=75"
"https://www.justdial.com/Hamirpur-Himachal-Pradesh/Aapka-Hospital-Hamirpur-H-O/9999P5282-5282-110121122237-D2N6_BZDET?trkid=173-remotecity&term=Hosp&ncatid=10253670&area=&search=Best%20Hospitals%20in%20Hamirpur%20Himachal%20Pradesh&mncatname=Hospitals&abd_btn=&abd_heading=&bd=1&cat_b2b_flag=0&searchfrom=lst","","","","","","","","","","","","","Aapka Hospital","4.1","8 Ratings","Ladraur Hamirpur H O, Hamirpur-Himachal Pradesh","Hospitals","Private Hospitals","","Show Number","WhatsApp","Send Enquiry","","https://images.jdmagicbox.com/comp/def_content/nursing-institutes/7-nursing-institutes-10-l3me1-250.jpg?w=3840&q=75"
"https://www.justdial.com/Hamirpur-Himachal-Pradesh/Aastha-Nursing-Home-Main-Market-Bijhari/9999P1972-1972-180323171817-C5K2_BZDET?trkid=173-remotecity&term=Hosp&ncatid=10253670&area=&search=Best%20Hospitals%20in%20Hamirpur%20Himachal%20Pradesh&mncatname=Hospitals&abd_btn=&abd_heading=&bd=1&cat_b2b_flag=0&searchfrom=lst","data:image/svg+xml,%3csvg%20xmlns=%27http://www.w3.org/2000/svg%27%20version=%271.1%27%20width=%27220%27%20height=%27220%27/%3e","https://content.jdmagicbox.com/comp/hamirpur-himachal-pradesh/k2/9999p1972.1972.180323171817.c5k2/catalogue/aastha-clinic-bijhari-hamirpur-himachal-pradesh-clinics-gde7wga4er-250.jpg?w=640&q=75","https://content.jdmagicbox.com/comp/hamirpur-himachal-pradesh/k2/9999p1972.1972.180323171817.c5k2/catalogue/aastha-clinic-bijhari-hamirpur-himachal-pradesh-clinics-3d0mvammg9-250.jpg?w=640&q=75","data:image/svg+xml,%3csvg%20xmlns=%27http://www.w3.org/2000/svg%27%20version=%271.1%27%20width=%27220%27%20height=%27220%27/%3e","data:image/gif;base64,R0lGODlhAQABAIAAAAAAAP///yH5BAEAAAAALAAAAAABAAEAAAIBRAA7","data:image/svg+xml,%3csvg%20xmlns=%27http://www.w3.org/2000/svg%27%20version=%271.1%27%20width=%27220%27%20height=%27220%27/%3e","data:image/gif;base64,R0lGODlhAQABAIAAAAAAAP///yH5BAEAAAAALAAAAAABAAEAAAIBRAA7","data:image/svg+xml,%3csvg%20xmlns=%27http://www.w3.org/2000/svg%27%20version=%271.1%27%20width=%27220%27%20height=%27220%27/%3e","data:image/gif;base64,R0lGODlhAQABAIAAAAAAAP///yH5BAEAAAAALAAAAAABAAEAAAIBRAA7","+","3","More","Aastha Nursing Home","4.9","6 Ratings","Bijhari, Hamirpur-Himachal Pradesh","Hospitals","Clinics","","Show Number","WhatsApp","Send Enquiry","",""
"https://www.justdial.com/Hamirpur-Himachal-Pradesh/Bala-Ji-Hospital-Nain/9999P1972-1972-230926160921-E1T8_BZDET?trkid=173-remotecity&term=Hosp&ncatid=10253670&area=&search=Best%20Hospitals%20in%20Hamirpur%20Himachal%20Pradesh&mncatname=Hospitals&abd_btn=&abd_heading=&bd=1&cat_b2b_flag=0&searchfrom=lst","data:image/svg+xml,%3csvg%20xmlns=%27http://www.w3.org/2000/svg%27%20version=%271.1%27%20width=%27220%27%20height=%27220%27/%3e","https://content.jdmagicbox.com/comp/hamirpur-himachal-pradesh/t8/9999p1972.1972.230926160921.e1t8/catalogue/bala-ji-hospital-hamirpur-himachal-pradesh-hospitals-4k675hpspw-250.jpg?w=640&q=75","https://content.jdmagicbox.com/comp/hamirpur-himachal-pradesh/t8/9999p1972.1972.230926160921.e1t8/catalogue/bala-ji-hospital-hamirpur-himachal-pradesh-hospitals-lrlzx21hg0-250.jpg?w=640&q=75","","","","","","","","","","Bala Ji Hospital","4.6","5 Ratings","Barsar Deotsidh Road Nain, Hamirpur-Himachal Pradesh","Hospitals","","","","","Send Enquiry","",""
"https://www.justdial.com/Hamirpur-Himachal-Pradesh/Agilus-Diagnostics-Near-Paul-Hospital-Jahu/9999P1972-1972-220117173028-S6N7_BZDET?trkid=173-remotecity&term=Hosp&ncatid=10253670&area=&search=Best%20Hospitals%20in%20Hamirpur%20Himachal%20Pradesh&mncatname=Hospitals&abd_btn=&abd_heading=&bd=1&cat_b2b_flag=0&searchfrom=lst","data:image/svg+xml,%3csvg%20xmlns=%27http://www.w3.org/2000/svg%27%20version=%271.1%27%20width=%27220%27%20height=%27220%27/%3e","https://content.jdmagicbox.com/comp/hamirpur-himachal_pradesh/n7/9999p1972.1972.220117173028.s6n7/catalogue/srl-diagnostics-jahu-jahu-hamirpur-himachal-pradesh-bxyf34z0ad-250.jpg?w=640&q=75","https://content.jdmagicbox.com/comp/hamirpur-himachal_pradesh/n7/9999p1972.1972.220117173028.s6n7/catalogue/srl-diagnostics-jahu-jahu-hamirpur-himachal-pradesh-x7sc5y1eus-250.jpg?w=640&q=75","data:image/svg+xml,%3csvg%20xmlns=%27http://www.w3.org/2000/svg%27%20version=%271.1%27%20width=%27220%27%20height=%27220%27/%3e","data:image/gif;base64,R0lGODlhAQABAIAAAAAAAP///yH5BAEAAAAALAAAAAABAAEAAAIBRAA7","","","","","","","","Agilus Diagnostics","4.5","5 Ratings","Ram Mandir Road Jahu, Hamirpur-Himachal Pradesh","1,000","/ Test","Kidney Panel - I Test","Show Number","WhatsApp","Send Enquiry","/ Test",""
"https://www.justdial.com/Hamirpur-Himachal-Pradesh/Ex-Servicemen-Contributory-Health-Scheme-Barsar/9999P1972-1972-171001030441-R3R4_BZDET?trkid=173-remotecity&term=Hosp&ncatid=10253670&area=&search=Best%20Hospitals%20in%20Hamirpur%20Himachal%20Pradesh&mncatname=Hospitals&abd_btn=&abd_heading=&bd=1&cat_b2b_flag=0&searchfrom=lst","","","","","","","","","","","","","Ex Servicemen Contributory Health Scheme","2.7","8 Ratings","Unajahunerchowk Road Barsar, Hamirpur-Himachal Pradesh","Hospitals","","","Show Number","","Send Enquiry","","https://images.jdmagicbox.com/comp/hamirpur-himachal_pradesh/r4/9999p1972.1972.171001030441.r3r4/catalogue/ex-servicemen-contributory-health-scheme-barsar-hamirpur-himachal-pradesh-d6rerdlsps-250.jpg?w=3840&q=75"
"https://www.justdial.com/Hamirpur-Himachal-Pradesh/Rana-Hospital-Nadaun/9999P1972-1972-171002060248-F4P7_BZDET?trkid=173-remotecity&term=Hosp&ncatid=10253670&area=&search=Best%20Hospitals%20in%20Hamirpur%20Himachal%20Pradesh&mncatname=Hospitals&abd_btn=&abd_heading=&bd=1&cat_b2b_flag=0&searchfrom=lst","","","","","","","","","","","","","Rana Hospital","4.2","5 Ratings","Hospital Road Nadaun, Hamirpur-Himachal Pradesh","Hospitals","","","Show Number","WhatsApp","Send Enquiry","","https://images.jdmagicbox.com/comp/def_content/hospitals/default-hospitals-1-250.jpg?w=3840&q=75"
"https://www.justdial.com/Hamirpur-Himachal-Pradesh/Ranjana-Medical-Store-Barsar-Batarli-Upperli/9999P1972-1972-240926142908-N8M9_BZDET?trkid=173-remotecity&term=Hosp&ncatid=10253670&area=&search=Best%20Hospitals%20in%20Hamirpur%20Himachal%20Pradesh&mncatname=Hospitals&abd_btn=&abd_heading=&bd=1&cat_b2b_flag=0&searchfrom=lst","data:image/svg+xml,%3csvg%20xmlns=%27http://www.w3.org/2000/svg%27%20version=%271.1%27%20width=%27220%27%20height=%27220%27/%3e","https://content.jdmagicbox.com/v2/comp/hamirpur-himachal-pradesh/m9/9999p1972.1972.240926142908.n8m9/catalogue/ranjana-medical-store-hamirpur-himachal-pradesh-hospitals-i6d57dzgkl-250.jpg?w=640&q=75","https://content.jdmagicbox.com/v2/comp/hamirpur-himachal-pradesh/m9/9999p1972.1972.240926142908.n8m9/catalogue/ranjana-medical-store-hamirpur-himachal-pradesh-hospitals-0uqbk0w3ab-250.jpg?w=640&q=75","","","","","","","","","","Ranjana Medical Store","4.5","4 Ratings","Mehre Road Batarli Upperli, Hamirpur-Himachal Pradesh","Hospitals","","","","","Send Enquiry","",""
"https://www.justdial.com/Hamirpur-Himachal-Pradesh/Shri-Krishna-Hospital-Behind-Sbi-Deotsidh/9999P1972-1972-171206051206-Q1A4_BZDET?trkid=173-remotecity&term=Hosp&ncatid=10253670&area=&search=Best%20Hospitals%20in%20Hamirpur%20Himachal%20Pradesh&mncatname=Hospitals&abd_btn=&abd_heading=&bd=1&cat_b2b_flag=0&searchfrom=lst","data:image/svg+xml,%3csvg%20xmlns=%27http://www.w3.org/2000/svg%27%20version=%271.1%27%20width=%27220%27%20height=%27220%27/%3e","https://content.jdmagicbox.com/comp/hamirpur-himachal-pradesh/a4/9999p1972.1972.171206051206.q1a4/catalogue/shri-krishna-hospital-hamirpur-himachal-pradesh-hospitals-5o6c2rsbiv-250.jpg?clr=#334620?w=640&q=75","https://content.jdmagicbox.com/comp/hamirpur-himachal-pradesh/a4/9999p1972.1972.171206051206.q1a4/catalogue/shri-krishna-hospital-hamirpur-himachal-pradesh-hospitals-clebtxy5cv-250.jpg?w=640&q=75","data:image/svg+xml,%3csvg%20xmlns=%27http://www.w3.org/2000/svg%27%20version=%271.1%27%20width=%27220%27%20height=%27220%27/%3e","data:image/gif;base64,R0lGODlhAQABAIAAAAAAAP///yH5BAEAAAAALAAAAAABAAEAAAIBRAA7","data:image/svg+xml,%3csvg%20xmlns=%27http://www.w3.org/2000/svg%27%20version=%271.1%27%20width=%27220%27%20height=%27220%27/%3e","data:image/gif;base64,R0lGODlhAQABAIAAAAAAAP///yH5BAEAAAAALAAAAAABAAEAAAIBRAA7","data:image/svg+xml,%3csvg%20xmlns=%27http://www.w3.org/2000/svg%27%20version=%271.1%27%20width=%27220%27%20height=%27220%27/%3e","data:image/gif;base64,R0lGODlhAQABAIAAAAAAAP///yH5BAEAAAAALAAAAAABAAEAAAIBRAA7","+","9","More","Shri Krishna Hospital","4.6","3 Ratings","Balak Nath Mandir Road Deotsidh, Hamirpur-Himachal Pradesh","Hospitals","","","Show Number","WhatsApp","Send Enquiry","",""
"https://www.justdial.com/Hamirpur-Himachal-Pradesh/Phc-Nanawan-Bahal/9999P1972-1972-241016232854-N8H5_BZDET?trkid=173-remotecity&term=Hosp&ncatid=10253670&area=&search=Best%20Hospitals%20in%20Hamirpur%20Himachal%20Pradesh&mncatname=Hospitals&abd_btn=&abd_heading=&bd=1&cat_b2b_flag=0&searchfrom=lst","","","","","","","","","","","","","Phc Nanawan","4.3","3 Ratings","Nanawan Kohlwin Bahal, Hamirpur-Himachal Pradesh","Hospitals","","","","","Send Enquiry","","https://images.jdmagicbox.com/comp/def_content/hospitals/default-hospitals-10-250.jpg?w=3840&q=75"
"https://www.justdial.com/Hamirpur-Himachal-Pradesh/Govt-Ayush-Hwc-Dhaned-Jhagriani/9999P1972-1972-250211233612-J2R2_BZDET?trkid=173-remotecity&term=Hosp&ncatid=10253670&area=&search=Best%20Hospitals%20in%20Hamirpur%20Himachal%20Pradesh&mncatname=Hospitals&abd_btn=&abd_heading=&bd=1&cat_b2b_flag=0&searchfrom=lst","","","","","","","","","","","","","Govt. Ayush Hwc Dhaned","4.3","3 Ratings","Hamirpur Kudar Road Jhagriani, Hamirpur-Himachal Pradesh","Hospitals","","","","","Send Enquiry","","https://images.jdmagicbox.com/comp/def_content/hospitals/default-hospitals-18-250.jpg?w=3840&q=75"
"https://www.justdial.com/Hamirpur-Himachal-Pradesh/Design-Hospital-Near-Dhauladhar-Boys-Hostel-Nit-Hamirpur/9999P1972-1972-240314020928-I2T4_BZDET?trkid=173-remotecity&term=Hosp&ncatid=10253670&area=&search=Best%20Hospitals%20in%20Hamirpur%20Himachal%20Pradesh&mncatname=Hospitals&abd_btn=&abd_heading=&bd=1&cat_b2b_flag=0&searchfrom=lst","","","","","","","","","","","","","Design Hospital","4.0","3 Ratings","Plot No 315, Hamirpur-Himachal Pradesh","Hospitals","","","","","Send Enquiry","","https://images.jdmagicbox.com/comp/def_content/hospitals/default-hospitals-4-250.jpg?w=3840&q=75"
"https://www.justdial.com/Hamirpur-Himachal-Pradesh/Community-Health-Center-Galore-Near-Co-Operative-Society-Larha/9999P1972-1972-140731151319-Y5X6_BZDET?trkid=173-remotecity&term=Hosp&ncatid=10253670&area=&search=Best%20Hospitals%20in%20Hamirpur%20Himachal%20Pradesh&mncatname=Hospitals&abd_btn=&abd_heading=&bd=1&cat_b2b_flag=0&searchfrom=lst","data:image/svg+xml,%3csvg%20xmlns=%27http://www.w3.org/2000/svg%27%20version=%271.1%27%20width=%27220%27%20height=%27220%27/%3e","data:image/gif;base64,R0lGODlhAQABAIAAAAAAAP///yH5BAEAAAAALAAAAAABAAEAAAIBRAA7","data:image/gif;base64,R0lGODlhAQABAIAAAAAAAP///yH5BAEAAAAALAAAAAABAAEAAAIBRAA7","data:image/svg+xml,%3csvg%20xmlns=%27http://www.w3.org/2000/svg%27%20version=%271.1%27%20width=%27220%27%20height=%27220%27/%3e","data:image/gif;base64,R0lGODlhAQABAIAAAAAAAP///yH5BAEAAAAALAAAAAABAAEAAAIBRAA7","data:image/svg+xml,%3csvg%20xmlns=%27http://www.w3.org/2000/svg%27%20version=%271.1%27%20width=%27220%27%20height=%27220%27/%3e","data:image/gif;base64,R0lGODlhAQABAIAAAAAAAP///yH5BAEAAAAALAAAAAABAAEAAAIBRAA7","data:image/svg+xml,%3csvg%20xmlns=%27http://www.w3.org/2000/svg%27%20version=%271.1%27%20width=%27220%27%20height=%27220%27/%3e","data:image/gif;base64,R0lGODlhAQABAIAAAAAAAP///yH5BAEAAAAALAAAAAABAAEAAAIBRAA7","+","3","More","Community Health Center Galore","5.0","2 Ratings","Galore To Kangoo Road Larha, Hamirpur-Himachal Pradesh","Hospitals","Public Veterinary Hospitals","","Show Number","","Send Enquiry","",""